,PolityName,Administrative levels,Military levels,Religious levels,Settlement hierarchy,start_year,end_year,duration_years,PC1_hier,PC2_hier,PC3_hier,PC1_squared,PC1_x_PC2,unstable,era,region,weapons_count,armor_count,cavalry_count,fortification_count,material_count,advanced_tech_count,total_warfare_tech,warfare_data_coverage,has_advanced_tech,warfare_level
0,AfDurrn,5.0,4.0,1.0,3.0,1747.0,1826.0,79.0,-0.4337766646470304,-0.8029377577440994,-0.0808520106970922,0.1881621947923023,0.3482956624734007,1,Early Modern (1500+ CE),East Asia,11,6,2,4,2,7,23,0.9714285714285714,1,High
1,AfGhurd,5.0,3.0,1.0,2.0,1025.0,1215.0,190.0,-0.9482263244264596,-0.5121922688123309,-0.1557074130333006,0.8991331623353134,0.4856741924555657,0,Medieval (500-1500 CE),East Asia,5,3,1,0,2,4,9,1.0,1,Medium
2,AfGrBct,5.0,5.0,1.0,3.0,-256.0,-125.0,131.0,-0.2203146768856077,-0.8828603300893828,0.2636764102999784,0.0485385568512097,0.1945070883587633,1,Classical (500 BCE-500 CE),Other,3,5,2,5,2,2,15,1.0,1,High
3,AfHepht,4.0,4.0,1.0,2.0,408.0,561.0,153.0,-0.9995007732165788,-0.4821094938240048,0.3423292770746771,0.9990017956605388,0.4818688118521462,0,Classical (500 BCE-500 CE),Other,5,2,3,3,3,2,13,1.0,1,Medium
4,AfKidar,3.0,4.0,1.0,4.0,388.0,477.0,89.0,-0.6622618657321077,-0.7937499796633647,-0.0435084911361402,0.4385907788029722,0.5256703424566824,1,Classical (500 BCE-500 CE),Other,6,3,2,3,3,2,14,0.7714285714285715,1,High
5,AfKushn,4.0,4.0,2.0,4.0,35.0,319.0,284.0,-0.1474362853779948,-0.4073145925120101,-0.2411697786245215,0.0217374582460615,0.0600529505002224,0,Classical (500 BCE-500 CE),Other,6,5,3,2,3,3,16,1.0,1,High
6,AfTochr,3.0,3.0,1.0,2.0,-129.0,29.0,158.0,-1.477699197529543,-0.2921815741451115,0.1513091251885136,2.1835949183794554,0.4317564776471499,0,Classical (500 BCE-500 CE),Other,6,4,2,0,2,3,12,1.0285714285714285,1,Medium
7,CnEHan*,7.0,7.0,1.0,6.0,25.0,220.0,195.0,1.6390451877943406,-1.895184919206624,-0.1633023419102814,2.686469127631786,-3.106293721806023,0,Classical (500 BCE-500 CE),East Asia,6,3,2,4,2,2,15,1.0,1,High
8,CnErJin,9.0,6.0,1.0,6.0,265.0,317.0,52.0,1.9550560731360016,-2.03527304152856,-0.8148473011291663,3.822244249105962,-3.979072920330392,1,Classical (500 BCE-500 CE),East Asia,4,4,1,3,1,1,12,0.9714285714285714,0,Medium
9,CnErlig,3.0,3.0,2.0,3.0,-1650.0,-1250.0,400.0,-0.9266223817089658,-0.006563756246632,-0.1625169118498228,0.8586290382839964,0.0060821234462113,0,Ancient (pre-500 BCE),East Asia,3,1,0,3,2,0,7,1.0571428571428572,0,Low
10,CnErlit,3.0,3.0,1.0,4.0,-1850.0,-1600.0,250.0,-0.8757238534935303,-0.7138274073180811,-0.3880369121332109,0.7668922675775581,0.6251156878658859,0,Ancient (pre-500 BCE),East Asia,2,0,0,2,2,0,4,1.0285714285714285,0,Low
11,CnHChin,2.0,2.0,1.0,1.0,1895.0,1941.0,46.0,-2.2568852938605137,0.1085692621202666,0.2299619919632121,5.093531229643857,-0.2450283710445171,1,Early Modern (1500+ CE),East Asia,3,0,0,1,1,1,4,1.0,0,Low
12,CnMing*,5.0,7.0,3.0,7.0,1368.0,1644.0,276.0,1.9107382743144052,-0.8931156721559604,-0.2142648591042776,3.6509207529299914,-1.70651029817843,0,Medieval (500-1500 CE),East Asia,10,3,1,7,4,5,21,0.9428571428571428,1,High
13,CnNSong,7.0,8.0,2.0,7.0,960.0,1127.0,167.0,2.403583991376341,-1.689489673653428,-0.1325999579515472,5.777216003600621,-4.060830333189018,0,Medieval (500-1500 CE),East Asia,6,3,1,3,4,5,13,0.9714285714285714,1,Medium
14,CnNWei*,6.0,5.0,2.0,5.0,386.0,534.0,148.0,0.8964862475045178,-0.918070776110998,-0.4733309145101274,0.8036875919647315,-0.8230378250193089,0,Classical (500 BCE-500 CE),East Asia,3,5,2,3,2,2,13,1.0285714285714285,1,Medium
15,CnQingE,7.0,10.0,3.0,7.0,1644.0,1796.0,152.0,3.0805971107017567,-1.3528940838590309,0.5123038656651199,9.490078558464011,-4.16772160582163,0,Early Modern (1500+ CE),East Asia,8,2,1,6,4,5,17,0.9428571428571428,1,High
16,CnQingL,7.0,8.0,3.0,7.0,1796.0,1912.0,116.0,2.6536731351789116,-1.1930489391684638,-0.1767529763290214,7.0419811083702735,-3.165961918825052,1,Early Modern (1500+ CE),East Asia,10,3,3,8,4,5,24,1.0,1,High
17,CnShang,4.0,4.0,3.0,3.0,-1250.0,-1045.0,205.0,-0.1983348135934302,0.299949058559439,-0.0156497783411335,0.0393366982831407,-0.0594903406169112,0,Ancient (pre-500 BCE),East Asia,5,2,1,3,2,1,11,0.9714285714285714,0,Medium
18,CnSui**,5.0,6.0,3.0,3.0,581.0,618.0,37.0,0.4933255984809568,0.0300985665352622,0.5198987945421005,0.2433701461165942,0.0148483933494271,1,Medieval (500-1500 CE),East Asia,5,3,2,3,4,3,13,1.0285714285714285,1,Medium
19,CnTangE,7.0,8.0,3.0,6.0,617.0,763.0,146.0,2.352685463160905,-0.9822260225819788,0.0929200423318408,5.535128888568641,-2.310868884866976,0,Medieval (500-1500 CE),East Asia,4,4,1,6,4,3,15,0.9714285714285714,1,High
20,CnTangL,7.0,5.0,3.0,3.0,763.0,907.0,144.0,0.8093364838226178,-0.1099895557866736,-0.1316461646767843,0.6550255440463585,-0.0890185603375981,1,Medieval (500-1500 CE),East Asia,3,4,1,6,4,2,14,0.9714285714285714,1,High
21,CnWHan*,7.0,7.0,3.0,6.0,-202.0,9.0,211.0,2.1392234753994823,-0.9023034502366952,-0.2516083786652298,4.576277077700239,-1.930228722680287,0,Classical (500 BCE-500 CE),East Asia,6,4,2,5,3,3,17,1.0,1,High
22,CnWZhou,4.0,5.0,2.0,5.0,-1122.0,-771.0,351.0,0.3670133744014341,-0.6980600814437785,-0.1663143762883131,0.1346988169895272,-0.2561973860256211,0,Ancient (pre-500 BCE),East Asia,5,3,1,4,2,2,13,0.9428571428571428,1,Medium
23,CnYuan*,8.0,6.0,3.0,7.0,1271.0,1368.0,97.0,2.4914855962076077,-1.1432091418115062,-1.0193180874340697,6.207500476109979,-2.848289110276228,1,Medieval (500-1500 CE),East Asia,10,3,1,0,4,4,14,0.9428571428571428,1,High
24,CoTairo,1.0,1.0,1.0,1.0,1050.0,1524.0,474.0,-2.735083718173479,0.2984971817991599,0.0389418400770486,7.480682945417662,-0.8164147818595513,0,Medieval (500-1500 CE),Other,1,0,0,0,1,0,1,1.0,0,Low
25,EcJivaE,1.0,3.0,2.0,1.0,1534.0,1830.0,296.0,-2.058070598848062,0.6350927715935571,0.6838456636937157,4.235654589842821,-1.3070657607576277,0,Early Modern (1500+ CE),New World,5,1,0,2,1,0,8,1.0571428571428572,0,Medium
26,EcJivaL,1.0,3.0,1.0,1.0,1831.0,1931.0,100.0,-2.3081597426506333,0.1386520371085928,0.7279986820711899,5.327601397593038,-0.3200310502905557,1,Early Modern (1500+ CE),New World,7,1,0,3,2,2,11,1.0,1,Medium
27,EgAyyub,5.0,7.0,4.0,5.0,1171.0,1250.0,79.0,1.5588520740809633,0.0249708955019733,0.2809281598399726,2.430019788866521,0.0389259322449101,1,Medieval (500-1500 CE),Middle East,7,2,2,5,3,2,16,1.0,1,High
28,EgBadar,1.0,1.0,1.0,1.0,-4400.0,-3800.0,600.0,-2.735083718173479,0.2984971817991599,0.0389418400770486,7.480682945417662,-0.8164147818595513,0,Ancient (pre-500 BCE),Middle East,2,0,0,0,0,0,2,1.0285714285714285,0,Low
29,EgDyn1*,4.0,3.0,3.0,4.0,-3100.0,-2900.0,200.0,-0.1108091293368466,0.1690487143182377,-0.6298512179990665,0.01227866314439,-0.0187321408491172,0,Ancient (pre-500 BCE),Middle East,4,1,0,2,0,0,7,1.1142857142857143,0,Low
30,EgDyn2*,4.0,3.0,3.0,4.0,-2900.0,-2687.0,213.0,-0.1108091293368466,0.1690487143182377,-0.6298512179990665,0.01227866314439,-0.0187321408491172,0,Ancient (pre-500 BCE),Middle East,4,1,0,4,0,0,9,1.0857142857142856,0,Medium
31,EgIntOc,5.0,5.0,2.0,4.0,-404.0,-342.0,62.0,0.3307621389349695,-0.5972425121909034,-0.050149626738358,0.109403592552836,-0.1975452107951578,1,Classical (500 BCE-500 CE),Middle East,1,1,0,0,3,0,2,1.0,0,Low
32,EgMamBh,7.0,9.0,3.0,6.0,1260.0,1348.0,88.0,2.566147450922327,-1.0621485949272624,0.4374484633289114,6.585112739875159,-2.725629909373326,1,Medieval (500-1500 CE),Middle East,7,4,2,5,4,3,18,1.0,1,High
33,EgMamBu,7.0,7.0,3.0,6.0,1412.0,1517.0,105.0,2.1392234753994823,-0.9023034502366952,-0.2516083786652298,4.576277077700239,-1.930228722680287,1,Medieval (500-1500 CE),Middle East,9,4,2,5,4,6,20,1.0,1,High
34,EgMamCP,7.0,9.0,3.0,6.0,1348.0,1412.0,64.0,2.566147450922327,-1.0621485949272624,0.4374484633289114,6.585112739875159,-2.725629909373326,1,Medieval (500-1500 CE),Middle East,7,4,2,5,4,3,18,1.0,1,High
35,EgMidKg,5.0,3.0,4.0,4.0,-2016.0,-1700.0,316.0,0.4040164510172661,0.5554841014695924,-0.8275125054874478,0.163229292692587,0.2244247152722596,0,Ancient (pre-500 BCE),Middle East,5,1,0,6,2,0,12,1.0,0,Medium
36,EgNKRam,5.0,7.0,5.0,4.0,-1293.0,-1070.0,223.0,1.5079535458655278,0.7322345465734226,0.5064481601233606,2.2739238964884185,1.1041756809106296,0,Ancient (pre-500 BCE),Middle East,8,3,1,3,2,1,15,1.0,0,High
37,EgNKThu,5.0,7.0,5.0,5.0,-1550.0,-1293.0,257.0,1.8089412178835345,0.5214116299869377,0.2367751414624984,3.272268329757964,0.9432029889672098,0,Ancient (pre-500 BCE),Middle East,8,4,1,2,2,1,15,1.0,0,High
38,EgNaqa1,1.0,1.0,1.0,1.0,-3800.0,-3550.0,250.0,-2.735083718173479,0.2984971817991599,0.0389418400770486,7.480682945417662,-0.8164147818595513,0,Ancient (pre-500 BCE),Middle East,2,0,0,1,0,0,3,1.0285714285714285,0,Low
39,EgNaqa3,2.0,2.0,2.0,2.0,-3300.0,-3100.0,200.0,-1.7058084780399363,0.394187080018746,-0.0838640450751241,2.9097825637529247,-0.6724076630297838,0,Ancient (pre-500 BCE),Middle East,3,1,0,1,0,0,5,1.0571428571428572,0,Low
40,EgOldK1,7.0,3.0,6.0,4.0,-2650.0,-2350.0,300.0,1.4336676117254916,1.3283548757723016,-1.2228350804642103,2.055402820910675,1.9044193622723875,0,Ancient (pre-500 BCE),Middle East,5,1,0,3,0,0,9,1.0571428571428572,0,Medium
41,EgOldK2,7.0,3.0,6.0,4.0,-2350.0,-2150.0,200.0,1.4336676117254916,1.3283548757723016,-1.2228350804642103,2.055402820910675,1.9044193622723875,0,Ancient (pre-500 BCE),Middle East,4,1,0,2,0,0,7,1.0857142857142856,0,Low
42,EgPtol1,6.0,9.0,1.0,6.0,-305.0,-217.0,88.0,1.801232726765644,-1.9450247165635812,0.679262769194767,3.2444393359715975,-3.5034421738423935,1,Classical (500 BCE-500 CE),Middle East,7,3,3,1,2,1,14,1.0,0,High
43,EgPtol2,6.0,7.0,1.0,6.0,-217.0,-30.0,187.0,1.3743087512427987,-1.785179571873014,-0.0097940727993742,1.8887245437425408,-2.453387908164956,0,Classical (500 BCE-500 CE),Middle East,7,4,3,1,2,2,15,0.9714285714285714,1,High
44,EgRegns,4.0,3.0,2.0,4.0,-2150.0,-2016.0,134.0,-0.3608982731394176,-0.3273920201667266,-0.5856981996215923,0.1302475635550136,0.118155214717797,1,Ancient (pre-500 BCE),Middle East,3,1,0,1,0,0,5,1.0857142857142856,0,Low
45,EgSaite,5.0,6.0,3.0,4.0,-664.0,-525.0,139.0,0.7943132704989632,-0.1807243500512225,0.2502257758812383,0.630933571690759,-0.143551749547986,1,Ancient (pre-500 BCE),Middle East,2,1,2,1,3,0,6,1.0,0,Low
46,EgThebH,5.0,6.0,3.0,4.0,-1720.0,-1567.0,153.0,0.7943132704989632,-0.1807243500512225,0.2502257758812383,0.630933571690759,-0.143551749547986,0,Ancient (pre-500 BCE),Middle East,5,1,1,4,2,1,11,1.0,0,Medium
47,EgThebL,5.0,4.0,3.0,3.0,-1069.0,-747.0,322.0,0.0664016229581115,0.1899437112258293,-0.1691580474520407,0.0044091755314712,0.0126125706960819,0,Ancient (pre-500 BCE),Middle East,2,0,1,1,0,0,4,1.0,0,Low
48,EgTulIk,5.0,6.0,2.0,6.0,868.0,969.0,101.0,1.146199470732405,-1.0988109177091565,-0.2449672430630119,1.3137732267072455,-1.2594564923132234,1,Medieval (500-1500 CE),Middle East,1,0,2,6,2,1,9,0.9714285714285714,0,Medium
49,EsHabsb,6.0,13.0,10.0,7.0,1516.0,1700.0,184.0,5.20687064405248,1.992428687833479,1.39032626912492,27.11150190389549,10.374318445048145,0,Early Modern (1500+ CE),New World,8,5,1,7,2,6,21,1.0571428571428572,1,High
50,EtAksm1,4.0,5.0,2.0,4.0,-149.0,349.0,498.0,0.0660257023834277,-0.4872371648572937,0.103358642372549,0.0043593933752249,-0.0321701760370128,0,Classical (500 BCE-500 CE),Middle East,0,0,0,1,2,1,1,0.3142857142857143,0,Low
51,FmTrukE,2.0,3.0,1.0,1.0,1775.0,1886.0,111.0,-2.043423306099091,0.028646689774983,0.5744904129602828,4.17557880790894,-0.0585373135287909,1,Early Modern (1500+ CE),Other,2,0,0,1,0,0,3,1.0,0,Low
52,FmTrukL,4.0,3.0,1.0,2.0,1886.0,1948.0,62.0,-1.2129627609780014,-0.4021869214787212,-0.0021991439223935,1.471278659519376,0.4878377587060724,1,Early Modern (1500+ CE),Other,4,0,0,1,0,1,5,1.0285714285714285,0,Low
53,FrBurbE,6.0,10.0,7.0,6.0,1589.0,1660.0,71.0,3.5152295773424926,0.9536971180009212,0.7588730799269925,12.35683898142348,3.3524643170231316,1,Early Modern (1500+ CE),Europe,4,3,1,2,2,6,10,1.0,1,Medium
54,FrBurbL,6.0,12.0,6.0,6.0,1660.0,1789.0,129.0,3.692064409062767,0.2974112388253895,1.492082940298608,13.631339600668,1.0980614497224874,1,Early Modern (1500+ CE),Europe,4,3,1,4,4,5,12,0.9714285714285714,1,Medium
55,FrCaptE,4.0,5.0,6.0,4.0,987.0,1150.0,163.0,1.0663822775937115,1.4985257730825636,-0.0732534311373477,1.137171161965952,1.5980013269326618,0,Medieval (500-1500 CE),Europe,5,2,1,5,2,3,13,1.0285714285714285,1,Medium
56,FrCaptL,5.0,5.0,6.0,5.0,1150.0,1328.0,178.0,1.63210638616326,1.177697509162469,-0.4964347189091171,2.663771255754896,1.92212762567263,0,Medieval (500-1500 CE),Europe,6,2,1,7,2,3,16,1.0857142857142856,1,High
57,FrCarlE,4.0,4.0,6.0,3.0,752.0,840.0,88.0,0.5519326178142826,1.7892712620143318,-0.1481088334735562,0.3046296146073269,0.9875571716234354,1,Medieval (500-1500 CE),Europe,7,4,1,5,4,2,17,1.0,1,High
58,FrCarlL,4.0,4.0,6.0,3.0,840.0,987.0,147.0,0.5519326178142826,1.7892712620143318,-0.1481088334735562,0.3046296146073269,0.9875571716234354,0,Medieval (500-1500 CE),Europe,7,4,1,5,4,2,17,1.0,1,High
59,FrHallA,1.0,1.0,1.0,1.0,-1000.0,-900.0,100.0,-2.735083718173479,0.2984971817991599,0.0389418400770486,7.480682945417662,-0.8164147818595513,1,Ancient (pre-500 BCE),Europe,2,0,0,0,2,0,2,1.0,0,Low
60,FrHallB,2.0,2.0,1.0,2.0,-900.0,-700.0,200.0,-1.9558976218425077,-0.1022536544662182,-0.0397110266976499,3.825535507129176,0.1999976795951817,0,Ancient (pre-500 BCE),Europe,3,0,0,1,3,0,4,1.0,0,Low
61,FrHallC,3.0,2.0,1.0,2.0,-700.0,-600.0,100.0,-1.6911611852909658,-0.2122590017998279,-0.193219295808557,2.8600261546347445,0.3589641850724743,1,Ancient (pre-500 BCE),Europe,3,2,1,1,3,0,7,1.0,0,Low
62,FrHallD,3.0,2.0,1.0,2.0,-600.0,-475.0,125.0,-1.6911611852909658,-0.2122590017998279,-0.193219295808557,2.8600261546347445,0.3589641850724743,1,Ancient (pre-500 BCE),Europe,2,0,1,1,3,0,4,1.0,0,Low
63,FrMervE,4.0,4.0,5.0,4.0,481.0,543.0,62.0,0.602831146029718,1.082007610942883,-0.3736288337569442,0.3634053906235032,0.6522678881175753,1,Classical (500 BCE-500 CE),Europe,7,3,1,2,3,0,13,1.0285714285714285,0,Medium
64,FrMervL,4.0,4.0,5.0,4.0,687.0,751.0,64.0,0.602831146029718,1.082007610942883,-0.3736288337569442,0.3634053906235032,0.6522678881175753,1,Medieval (500-1500 CE),Europe,7,3,1,2,3,0,13,1.0,0,Medium
65,FrMervM,4.0,4.0,5.0,4.0,543.0,687.0,144.0,0.602831146029718,1.082007610942883,-0.3736288337569442,0.3634053906235032,0.6522678881175753,1,Medieval (500-1500 CE),Europe,7,3,1,2,3,0,13,1.0285714285714285,0,Medium
66,FrTeneC,3.0,4.0,2.0,2.0,-175.0,-27.0,148.0,-1.0141480659655495,0.1243365879945692,0.4516845278081101,1.028496299701665,-0.1260957102434477,0,Classical (500 BCE-500 CE),Europe,6,3,1,6,2,1,16,1.0,0,High
67,FrValoE,5.0,5.0,6.0,5.0,1328.0,1450.0,122.0,1.63210638616326,1.177697509162469,-0.4964347189091171,2.663771255754896,1.92212762567263,1,Medieval (500-1500 CE),Europe,8,4,1,1,2,4,14,1.0857142857142856,1,High
68,FrValoL,5.0,10.0,7.0,6.0,1450.0,1589.0,139.0,3.250493140790951,1.0637024653345308,0.9123813490378996,10.56570565832902,3.4575575674123167,1,Medieval (500-1500 CE),Europe,6,3,1,3,2,5,13,1.0285714285714285,1,Medium
69,GhAshnE,4.0,5.0,2.0,3.0,1501.0,1701.0,200.0,-0.2349619696345785,-0.2764142482708088,0.3730316610334113,0.0552071271745606,0.0649468362087706,0,Early Modern (1500+ CE),Africa,3,2,0,0,1,0,5,0.9428571428571428,0,Low
70,GhAshnL,6.0,6.0,4.0,4.0,1701.0,1895.0,194.0,1.309138850853076,0.205711037100132,0.052564488392857,1.7138445308129122,0.2693043107170613,0,Early Modern (1500+ CE),Africa,3,1,0,0,2,1,4,1.1142857142857143,0,Low
71,GrCrArc,5.0,5.0,5.0,1.0,-710.0,-500.0,210.0,0.1780665542886633,1.5245484410234442,0.6264103741118059,0.0317076977562374,0.2714710877391982,0,Ancient (pre-500 BCE),Other,6,3,1,2,3,1,12,0.9714285714285714,0,Medium
72,GrCrCls,5.0,5.0,5.0,1.0,-500.0,-323.0,177.0,0.1780665542886633,1.5245484410234442,0.6264103741118059,0.0317076977562374,0.2714710877391982,0,Classical (500 BCE-500 CE),Other,6,3,1,3,3,1,13,0.9714285714285714,0,Medium
73,GrCrEmr,5.0,3.0,4.0,3.0,824.0,961.0,137.0,0.1030287789992597,0.7663070180560771,-0.5578394868265856,0.0106149293020783,0.0789516764088813,1,Medieval (500-1500 CE),Other,10,5,1,4,1,2,20,0.9142857142857143,1,High
74,GrCrHel,5.0,5.0,5.0,1.0,-323.0,-69.0,254.0,0.1780665542886633,1.5245484410234442,0.6264103741118059,0.0317076977562374,0.2714710877391982,0,Classical (500 BCE-500 CE),Other,6,5,1,3,2,1,15,0.8571428571428571,0,High
75,GrCrMPa,5.0,5.0,3.0,1.0,-1450.0,-1300.0,150.0,-0.3221117333164786,0.5316669720535155,0.7147164108667543,0.1037559687401462,-0.1712561699152817,0,Ancient (pre-500 BCE),Other,6,4,1,0,1,1,11,0.7142857142857143,0,Medium
76,Hawaii3,4.0,3.0,2.0,2.0,1580.0,1778.0,198.0,-0.9628736171754304,0.094253813006243,-0.0463521622998677,0.9271256026524975,-0.0907545098618978,0,Early Modern (1500+ CE),Other,4,0,0,1,0,0,5,1.0,0,Low
77,IdBrokE,1.0,2.0,1.0,1.0,1650.0,1841.0,191.0,-2.521621730412056,0.2185746094538762,0.3834702610741192,6.35857615128629,-0.5511624849152228,0,Early Modern (1500+ CE),Other,3,2,0,1,1,0,6,1.0,0,Low
78,IdBrokL,3.0,2.0,1.0,1.0,1841.0,1987.0,146.0,-1.992148857308972,-0.001436085213343,0.0764537228523051,3.9686570696774432,0.0028608955167596,0,Early Modern (1500+ CE),Other,4,3,0,1,3,2,8,1.0,1,Medium
79,IdKedir,4.0,5.0,3.0,3.0,1049.0,1222.0,173.0,0.0151271741679923,0.2200264862141555,0.3288786426559371,0.0002288313983087,0.0033283789785329,0,Medieval (500-1500 CE),East Asia,4,0,2,1,3,0,7,1.0,0,Low
80,IdMajap,4.0,5.0,3.0,3.0,1292.0,1518.0,226.0,0.0151271741679923,0.2200264862141555,0.3288786426559371,0.0002288313983087,0.0033283789785329,0,Medieval (500-1500 CE),East Asia,6,0,2,0,3,0,8,1.0,0,Medium
81,IdMatrm,2.0,5.0,1.0,3.0,1568.0,1703.0,135.0,-1.0145239865402331,-0.5528442880885537,0.7242012176326997,1.029258919265487,0.5608737910875966,1,Early Modern (1500+ CE),East Asia,4,1,2,5,3,2,12,1.0,1,Medium
82,IdMedng,3.0,4.0,1.0,2.0,732.0,1019.0,287.0,-1.2642372097681205,-0.3721041464903951,0.4958375461855843,1.5982957225622827,0.470427907902165,0,Medieval (500-1500 CE),East Asia,4,1,2,2,4,1,9,1.0,0,Medium
83,InChaBd,5.0,5.0,5.0,4.0,543.0,753.0,210.0,1.0810295703426824,0.8920796912639896,-0.1826086818707807,1.1686249319552846,0.9643645253585434,0,Medieval (500-1500 CE),South Asia,6,2,2,1,4,2,11,1.0,1,Medium
84,InChaKl,5.0,5.0,4.0,3.0,973.0,1191.0,218.0,0.5299527545221051,0.60646187336551,0.1312173551675557,0.2808499220255666,0.3213961403026881,0,Medieval (500-1500 CE),South Asia,2,0,2,2,4,2,6,0.9714285714285714,1,Low
85,InDecIA,1.0,1.0,1.0,1.0,-1200.0,-300.0,900.0,-2.735083718173479,0.2984971817991599,0.0389418400770486,7.480682945417662,-0.8164147818595513,0,Ancient (pre-500 BCE),South Asia,5,0,1,0,3,0,6,1.1428571428571428,0,Low
86,InDelh*,9.0,8.0,5.0,6.0,1206.0,1526.0,320.0,3.3823366238691306,-0.2093552482792696,-0.3024025326449218,11.440201037166428,-0.7081099236541885,0,Medieval (500-1500 CE),East Asia,7,1,2,6,2,4,16,1.1142857142857143,1,High
87,InGaroE,1.0,2.0,1.0,2.0,1775.0,1867.0,92.0,-2.2206340583940496,0.0077516928673915,0.1137972424132571,4.931215621299628,-0.0172136731915398,1,Early Modern (1500+ CE),South Asia,3,1,0,1,1,0,5,1.0,0,Low
88,InGaroL,2.0,2.0,1.0,3.0,1867.0,1956.0,89.0,-1.654909949824501,-0.313076571052703,-0.3093840453585122,2.7387269420281326,0.5181135324920556,1,Early Modern (1500+ CE),South Asia,4,1,0,1,1,1,6,1.0,0,Low
89,InGupta,9.0,5.0,5.0,4.0,320.0,515.0,195.0,2.1399753165488495,0.4520583019295507,-0.7966417583144093,4.5794943554383485,0.9673936077702256,0,Classical (500 BCE-500 CE),Other,2,0,2,0,1,1,4,0.9714285714285714,0,Low
90,InHoysa,2.0,4.0,1.0,3.0,1108.0,1346.0,238.0,-1.2279859743016557,-0.4729217157432702,0.3796727966356291,1.5079495530815863,0.5807412338754103,0,Medieval (500-1500 CE),South Asia,4,1,2,2,4,2,9,1.0,1,Medium
91,InKadam,5.0,4.0,1.0,4.0,345.0,550.0,205.0,-0.1327889926290241,-1.013760674330584,-0.3505250293579545,0.017632916563431,0.1346162587112784,0,Classical (500 BCE-500 CE),South Asia,2,0,2,2,4,2,6,1.0,1,Low
92,InKampi,2.0,4.0,1.0,3.0,1280.0,1327.0,47.0,-1.2279859743016557,-0.4729217157432702,0.3796727966356291,1.5079495530815863,0.5807412338754103,1,Medieval (500-1500 CE),South Asia,4,1,0,1,4,2,6,1.0,1,Low
93,InMahaJ,4.0,4.0,2.0,4.0,-600.0,-324.0,276.0,-0.1474362853779948,-0.4073145925120101,-0.2411697786245215,0.0217374582460615,0.0600529505002224,0,Ancient (pre-500 BCE),Other,7,0,2,4,1,0,13,1.0,0,Medium
94,InMaury,7.0,7.0,1.0,4.0,-324.0,-187.0,137.0,1.0370698437583277,-1.473539086033654,0.3760436954114431,1.0755138608329222,-1.528162949724711,1,Classical (500 BCE-500 CE),Other,1,2,2,6,4,1,11,0.9714285714285714,0,Medium
95,InMugl*,7.0,6.0,1.0,4.0,1526.0,1858.0,332.0,0.823607855996905,-1.3936165136883705,0.0315152744143725,0.6783299004598186,-1.1477935089207605,0,Early Modern (1500+ CE),East Asia,12,4,3,5,4,6,24,1.0,1,High
96,InRasht,7.0,5.0,5.0,3.0,753.0,973.0,220.0,1.3095147714277595,0.882891913183255,-0.2199522014317327,1.7148289365874978,1.1561600018875875,0,Medieval (500-1500 CE),South Asia,6,0,2,3,3,2,11,1.0,1,Medium
97,InSataL,5.0,4.0,1.0,4.0,-100.0,200.0,300.0,-0.1327889926290241,-1.013760674330584,-0.3505250293579545,0.017632916563431,0.1346162587112784,0,Classical (500 BCE-500 CE),South Asia,6,3,2,3,3,1,14,1.0,0,High
98,InVakat,5.0,4.0,1.0,5.0,255.0,550.0,295.0,0.1681986793889823,-1.224583590917069,-0.6201980480188167,0.0282907957481976,-0.2059733427936687,0,Classical (500 BCE-500 CE),South Asia,6,3,2,1,4,3,12,1.0,1,Medium
99,InVijay,4.0,5.0,0.0,3.0,1336.0,1646.0,310.0,-0.7351402572397205,-1.2692957172407375,0.4613376977883597,0.5404311978144825,0.9331103800856314,0,Medieval (500-1500 CE),South Asia,9,3,3,4,2,5,19,1.0,1,High
100,IqAbbs1,6.0,6.0,2.0,6.0,750.0,946.0,196.0,1.410935907283947,-1.2088162650427663,-0.3984755121739191,1.9907401344631743,-1.7055622736577074,0,Medieval (500-1500 CE),Middle East,5,4,2,4,2,3,15,0.9714285714285714,1,High
101,IqAbbs2,5.0,5.0,2.0,4.0,1191.0,1258.0,67.0,0.3307621389349695,-0.5972425121909034,-0.050149626738358,0.109403592552836,-0.1975452107951578,1,Medieval (500-1500 CE),Middle East,5,4,1,5,2,2,15,1.0,1,High
102,IqAkkad,5.0,5.0,4.0,4.0,-2270.0,-2083.0,187.0,0.8309404265401115,0.3956389567790253,-0.1384556634933064,0.6904619924586624,0.328752403501848,0,Ancient (pre-500 BCE),Middle East,6,2,0,1,2,1,9,1.0285714285714285,0,Medium
103,IqIsinL,4.0,6.0,4.0,4.0,-2004.0,-1763.0,241.0,0.7796659777499924,0.4257217317673514,0.3595810266146713,0.6078790368608515,0.331920750247812,0,Ancient (pre-500 BCE),Middle East,4,0,0,1,1,1,5,0.8571428571428571,0,Low
104,IqNAssr,3.0,5.0,3.0,6.0,-911.0,-612.0,299.0,0.6533537536704697,-0.3024369162116893,-0.3266321442157425,0.4268711274352927,-0.1975982944554285,0,Ancient (pre-500 BCE),Middle East,3,4,2,2,3,2,11,0.9714285714285714,1,Medium
105,IqUrIII,4.0,6.0,4.0,4.0,-2112.0,-2004.0,108.0,0.7796659777499924,0.4257217317673514,0.3595810266146713,0.6078790368608515,0.331920750247812,1,Ancient (pre-500 BCE),Middle East,8,2,0,1,2,1,11,1.0,0,Medium
106,IrAchae,6.0,7.0,3.0,5.0,-550.0,-331.0,219.0,1.5734993668299342,-0.5814751863166007,0.1715729091065397,2.475900257414204,-0.9149508374964892,0,Ancient (pre-500 BCE),Middle East,7,4,3,3,3,0,17,1.0285714285714285,0,High
107,IrAkKoy,3.0,6.0,1.0,3.0,1339.0,1501.0,162.0,-0.5363255622272687,-0.7427722077674469,0.9152213695188632,0.2876451086983958,0.3983677219376655,0,Medieval (500-1500 CE),Middle East,2,4,1,0,2,3,7,1.0571428571428572,1,Low
108,IrArcha,1.0,1.0,1.0,1.0,-7000.0,-6000.0,1000.0,-2.735083718173479,0.2984971817991599,0.0389418400770486,7.480682945417662,-0.8164147818595513,0,Ancient (pre-500 BCE),Middle East,0,0,0,0,0,0,0,1.0,0,Low
109,IrAwanE,4.0,3.0,2.0,2.0,-2675.0,-2100.0,575.0,-0.9628736171754304,0.094253813006243,-0.0463521622998677,0.9271256026524975,-0.0907545098618978,0,Ancient (pre-500 BCE),Middle East,6,0,0,0,2,0,6,1.0,0,Low
110,IrBuyid,5.0,8.0,3.0,4.0,932.0,1062.0,130.0,1.2212372460218086,-0.3405694947417896,0.9392826178753796,1.4914204110709317,-0.4159161518375019,1,Medieval (500-1500 CE),Middle East,5,5,1,4,2,2,15,1.0,1,High
111,IrForma,1.0,1.0,0.0,1.0,-7200.0,-7000.0,200.0,-2.9851728619760496,-0.1979435526858044,0.0830948584545228,8.91125701587828,0.5908957216807897,0,Ancient (pre-500 BCE),Middle East,0,0,0,0,0,0,0,1.0,0,Low
112,IrIlkhn,6.0,6.0,3.0,4.0,1256.0,1339.0,83.0,1.059049707050505,-0.2907296973848322,0.0967175067703312,1.1215862820037603,-0.3078972008462885,1,Medieval (500-1500 CE),Middle East,8,4,1,5,2,3,18,1.0,1,High
113,IrKhzE*,1.0,1.0,1.0,1.0,-6000.0,-5700.0,300.0,-2.735083718173479,0.2984971817991599,0.0389418400770486,7.480682945417662,-0.8164147818595513,0,Ancient (pre-500 BCE),Middle East,0,0,0,0,0,0,0,1.0,0,Low
114,IrKhzEM,1.0,1.0,1.0,1.0,-5700.0,-5100.0,600.0,-2.735083718173479,0.2984971817991599,0.0389418400770486,7.480682945417662,-0.8164147818595513,0,Ancient (pre-500 BCE),Middle East,0,0,0,0,0,0,0,1.0,0,Low
115,IrKhzM*,1.0,1.0,1.0,2.0,-5100.0,-4700.0,400.0,-2.4340960461554726,0.0876742652126749,-0.2307311785838135,5.9248235619097045,-0.2134075823037584,0,Ancient (pre-500 BCE),Middle East,1,0,0,0,0,0,1,1.0285714285714285,0,Low
116,IrMElm1,4.0,3.0,2.0,4.0,-1500.0,-1400.0,100.0,-0.3608982731394176,-0.3273920201667266,-0.5856981996215923,0.1302475635550136,0.118155214717797,1,Ancient (pre-500 BCE),Middle East,7,1,0,0,2,1,8,0.9714285714285714,0,Medium
117,IrMElm2,4.0,3.0,2.0,4.0,-1399.0,-1200.0,199.0,-0.3608982731394176,-0.3273920201667266,-0.5856981996215923,0.1302475635550136,0.118155214717797,0,Ancient (pre-500 BCE),Middle East,6,1,0,0,2,1,7,0.9714285714285714,0,Low
118,IrMElm3,4.0,3.0,2.0,4.0,-1199.0,-1100.0,99.0,-0.3608982731394176,-0.3273920201667266,-0.5856981996215923,0.1302475635550136,0.118155214717797,1,Ancient (pre-500 BCE),Middle East,6,1,0,0,2,1,7,1.0,0,Low
119,IrPart1,5.0,6.0,3.0,4.0,-247.0,40.0,287.0,0.7943132704989632,-0.1807243500512225,0.2502257758812383,0.630933571690759,-0.143551749547986,0,Classical (500 BCE-500 CE),Middle East,5,5,2,5,3,2,17,1.0285714285714285,1,High
120,IrPart2,5.0,6.0,3.0,4.0,41.0,226.0,185.0,0.7943132704989632,-0.1807243500512225,0.2502257758812383,0.630933571690759,-0.143551749547986,0,Classical (500 BCE-500 CE),Middle East,5,5,2,5,3,2,17,1.0,1,High
121,IrPrCer,1.0,1.0,0.0,1.0,-7800.0,-7200.0,600.0,-2.9851728619760496,-0.1979435526858044,0.0830948584545228,8.91125701587828,0.5908957216807897,0,Ancient (pre-500 BCE),Middle East,0,0,0,0,0,0,0,1.0,0,Low
122,IrSafvd,6.0,6.0,5.0,4.0,1501.0,1722.0,221.0,1.5592279946556469,0.7021517715850963,0.0084114700153828,2.43119193931787,1.0948146987525396,0,Early Modern (1500+ CE),Middle East,9,3,2,5,2,6,19,1.0,1,High
123,IrSasn1,6.0,7.0,4.0,5.0,205.0,487.0,282.0,1.8235885106325052,-0.0850344518316364,0.1274198907290655,3.3254750561108786,-0.1550678493681053,0,Classical (500 BCE-500 CE),Middle East,6,5,3,1,1,2,15,1.0285714285714285,1,High
124,IrSasn2,6.0,7.0,4.0,6.0,488.0,642.0,154.0,2.1245761826505114,-0.2958573684181212,-0.1422531279317968,4.513823955885819,-0.628571518402798,0,Classical (500 BCE-500 CE),Middle East,6,5,3,3,1,3,17,1.0,1,High
125,IrSeleu,5.0,5.0,4.0,6.0,-312.0,-63.0,249.0,1.4329157705761242,-0.0260068763939444,-0.6778017008150311,2.0532476055657676,-0.0372656633283068,0,Classical (500 BCE-500 CE),Middle East,7,3,3,3,0,1,16,1.0285714285714285,0,High
126,IrSeljq,5.0,6.0,3.0,4.0,1037.0,1157.0,120.0,0.7943132704989632,-0.1807243500512225,0.2502257758812383,0.630933571690759,-0.143551749547986,1,Medieval (500-1500 CE),Middle East,7,4,1,2,2,2,14,1.0285714285714285,1,High
127,IrShima,4.0,3.0,2.0,3.0,-2028.0,-1940.0,88.0,-0.661885945157424,-0.1165691035802417,-0.31602518096073,0.4380930043969365,0.0771554512993619,1,Ancient (pre-500 BCE),Middle East,5,1,0,1,2,1,7,1.0,0,Low
128,IrSukkE,4.0,3.0,2.0,3.0,-1900.0,-1701.0,199.0,-0.661885945157424,-0.1165691035802417,-0.31602518096073,0.4380930043969365,0.0771554512993619,0,Ancient (pre-500 BCE),Middle East,4,1,0,1,2,0,6,1.0,0,Low
129,IrSukkL,4.0,3.0,2.0,3.0,-1700.0,-1500.0,200.0,-0.661885945157424,-0.1165691035802417,-0.31602518096073,0.4380930043969365,0.0771554512993619,0,Ancient (pre-500 BCE),Middle East,6,1,0,0,2,0,7,0.9714285714285714,0,Low
130,IrSusa1,1.0,1.0,1.0,2.0,-4300.0,-3800.0,500.0,-2.4340960461554726,0.0876742652126749,-0.2307311785838135,5.9248235619097045,-0.2134075823037584,0,Ancient (pre-500 BCE),Middle East,2,0,0,0,1,0,2,1.0,0,Low
131,IrSusa2,3.0,2.0,2.0,3.0,-3800.0,-3100.0,700.0,-1.1400843694703884,0.0733588160986514,-0.5070453328468936,1.299792369510693,-0.0836352395969252,0,Ancient (pre-500 BCE),Middle East,3,0,0,0,1,0,3,1.0,0,Low
132,IrSusa3,4.0,2.0,2.0,2.0,-3100.0,-2675.0,425.0,-1.176335604936853,0.1741763853515265,-0.3908805832969384,1.383765455442152,-0.2048898836282024,0,Ancient (pre-500 BCE),Middle East,5,0,0,0,1,1,5,1.0,0,Low
133,IsCommw,4.0,2.0,1.0,1.0,930.0,1262.0,332.0,-1.7274124207574304,-0.1114414325469528,-0.0770545462586019,2.9839536713870456,0.1925053147686076,0,Medieval (500-1500 CE),Europe,6,1,1,1,1,0,9,0.9714285714285714,0,Medium
134,ItLatBA,1.0,1.0,1.0,1.0,-1800.0,-900.0,900.0,-2.735083718173479,0.2984971817991599,0.0389418400770486,7.480682945417662,-0.8164147818595513,0,Ancient (pre-500 BCE),Middle East,2,1,0,2,0,0,5,0.9428571428571428,0,Low
135,ItLatCA,1.0,1.0,1.0,1.0,-3600.0,-1800.0,1800.0,-2.735083718173479,0.2984971817991599,0.0389418400770486,7.480682945417662,-0.8164147818595513,0,Ancient (pre-500 BCE),Middle East,2,0,0,2,1,0,4,0.9714285714285714,0,Low
136,ItLatIA,1.0,1.0,1.0,1.0,-1000.0,-580.0,420.0,-2.735083718173479,0.2984971817991599,0.0389418400770486,7.480682945417662,-0.8164147818595513,0,Ancient (pre-500 BCE),Middle East,4,3,0,3,2,0,10,1.0,0,Medium
137,ItOstrg,5.0,5.0,5.0,6.0,489.0,554.0,65.0,1.6830049143786951,0.4704338580910199,-0.7219547191925053,2.832505541822839,0.7917424950573163,1,Classical (500 BCE-500 CE),Middle East,4,4,1,6,3,2,15,1.0,1,High
138,ItPapEM,6.0,6.0,6.0,5.0,904.0,1198.0,294.0,2.1103048104762245,0.9877695894835756,-0.3054145670229535,4.453386393119094,2.0844949163293154,0,Medieval (500-1500 CE),Middle East,8,3,1,3,3,2,15,1.0,1,High
139,ItPapHM,5.0,5.0,6.0,4.0,1198.0,1309.0,111.0,1.3311187141452534,1.3885204257489538,-0.2267617002482549,1.7718770311477128,1.8482855236873672,1,Medieval (500-1500 CE),Middle East,9,5,1,2,3,4,17,1.1428571428571428,1,High
140,ItPapM1,4.0,5.0,6.0,4.0,1527.0,1648.0,121.0,1.0663822775937115,1.4985257730825636,-0.0732534311373477,1.137171161965952,1.5980013269326618,1,Early Modern (1500+ CE),Middle East,10,6,1,8,3,6,25,1.0,1,High
141,ItPapM2,6.0,5.0,6.0,4.0,1648.0,1809.0,161.0,1.5958551506967953,1.2785150784153445,-0.380269969359162,2.546753662005491,2.0403248731326444,0,Early Modern (1500+ CE),Middle East,6,3,1,6,3,6,16,1.0,1,High
142,ItPapRn,4.0,5.0,5.0,4.0,1378.0,1527.0,149.0,0.8162931337911408,1.0020850385975992,-0.0291004127598735,0.6663344802745612,0.8179951364820506,0,Medieval (500-1500 CE),Middle East,11,6,1,8,3,6,26,1.0,1,High
143,ItRav**,5.0,4.0,5.0,6.0,568.0,751.0,183.0,1.4695429266172726,0.5503564304363034,-1.0664831401895758,2.1595564131708587,0.8087723994660008,0,Medieval (500-1500 CE),Middle East,2,3,1,4,3,2,10,1.0,1,Medium
144,ItRomER,3.0,6.0,4.0,2.0,-509.0,-264.0,245.0,-0.0870458028375621,0.9573729122739308,1.0524353330473029,0.0075769717916357,-0.0833352937638193,0,Ancient (pre-500 BCE),Middle East,6,2,1,4,2,1,13,1.0,0,Medium
145,ItRomLR,3.0,7.0,4.0,7.0,-133.0,-31.0,102.0,1.6313545450138929,-0.1766642430037768,0.0485986607400623,2.661317651537485,-0.2882020157656501,1,Classical (500 BCE-500 CE),Middle East,6,5,1,4,3,2,16,1.0,1,High
146,ItRomMR,3.0,6.0,4.0,5.0,-264.0,-133.0,131.0,0.815917213216457,0.3249041625144763,0.2434162770647162,0.6657208988229094,0.2650948988412384,1,Classical (500 BCE-500 CE),Middle East,6,3,1,4,2,1,14,1.0,0,High
147,ItRomPr,8.0,9.0,4.0,7.0,-31.0,284.0,315.0,3.381960703294447,-0.8865361243623924,-0.029885842820332,11.43765819862787,-2.99823033464457,0,Classical (500 BCE-500 CE),Middle East,7,5,3,7,4,4,22,1.0,1,High
148,ItRomRg,3.0,4.0,1.0,2.0,-716.0,-509.0,207.0,-1.2642372097681205,-0.3721041464903951,0.4958375461855843,1.5982957225622827,0.470427907902165,0,Ancient (pre-500 BCE),Middle East,5,3,1,2,2,0,11,1.0571428571428572,0,Medium
149,ItRomWe,8.0,7.0,8.0,6.0,395.0,476.0,81.0,3.654405630963879,1.4698948748545169,-0.6258817396635079,13.354680515620506,5.371592107593293,1,Classical (500 BCE-500 CE),Middle East,7,5,1,5,4,4,18,1.0,1,High
150,ItStPet,6.0,5.0,5.0,5.0,711.0,904.0,193.0,1.6467536789122308,0.571251427343895,-0.60578996964255,2.7117976790109664,0.940710389562422,0,Medieval (500-1500 CE),Middle East,2,3,1,4,3,2,10,1.0,1,Medium
151,ItVenR3,5.0,15.0,5.0,5.0,1205.0,1564.0,359.0,3.5166371199749156,-0.1179689487753304,2.9930025094390635,12.366736633585468,-0.4148539842677464,0,Medieval (500-1500 CE),Other,7,4,1,1,2,5,13,0.8,1,Medium
152,ItVenR4,5.0,11.0,5.0,5.0,1565.0,1797.0,232.0,2.662789168929225,0.2017213406058035,1.6148888254507814,7.090446158166793,0.5371414009070167,0,Early Modern (1500+ CE),Other,7,4,1,1,2,5,13,0.8,1,Medium
153,JpAshik,6.0,5.0,2.0,6.0,1336.0,1467.0,131.0,1.197473919522524,-1.1288936926974829,-0.7430039331709898,1.4339437879366366,-1.351820754918711,1,Medieval (500-1500 CE),Other,5,5,1,4,3,3,15,0.9714285714285714,1,High
154,JpAsuka,5.0,4.0,2.0,4.0,538.0,710.0,172.0,0.1173001511735468,-0.5173199398456199,-0.3946780477354287,0.0137593254653369,-0.0606817071489813,0,Medieval (500-1500 CE),Other,6,5,1,4,3,1,16,1.0,0,High
155,JpAzMom,4.0,5.0,2.0,5.0,1568.0,1603.0,35.0,0.3670133744014341,-0.6980600814437785,-0.1663143762883131,0.1346988169895272,-0.2561973860256211,1,Early Modern (1500+ CE),Other,6,6,1,5,3,5,18,1.0,1,High
156,JpHeian,5.0,4.0,1.0,4.0,794.0,1185.0,391.0,-0.1327889926290241,-1.013760674330584,-0.3505250293579545,0.017632916563431,0.1346162587112784,0,Medieval (500-1500 CE),Other,6,4,1,5,2,2,16,1.0285714285714285,1,High
157,JpKamak,6.0,4.0,2.0,5.0,1185.0,1333.0,148.0,0.6830242597430951,-0.8381482037657144,-0.817859335507198,0.466522139397603,-0.5724755564320819,0,Medieval (500-1500 CE),Other,4,6,1,5,3,3,16,1.0,1,High
158,JpKofun,3.0,3.0,1.0,3.0,250.0,537.0,287.0,-1.1767115255115368,-0.5030044907315964,-0.1183638934723486,1.3846500142716882,0.5918911816279304,0,Classical (500 BCE-500 CE),Other,5,1,1,4,2,0,11,1.1428571428571428,0,Medium
159,JpSengk,4.0,6.0,2.0,4.0,1467.0,1568.0,101.0,0.2794876901448504,-0.5671597372025772,0.4478870633696197,0.0781133689425039,-0.1585141648939086,1,Medieval (500-1500 CE),Other,5,5,1,6,3,4,17,1.0,1,High
160,JpTokgw,6.0,6.0,2.0,6.0,1603.0,1868.0,265.0,1.410935907283947,-1.2088162650427663,-0.3984755121739191,1.9907401344631743,-1.7055622736577074,0,Early Modern (1500+ CE),Other,6,6,1,6,3,5,19,1.0285714285714285,1,High
161,JpYayoi,1.0,2.0,1.0,2.0,-300.0,250.0,550.0,-2.2206340583940496,0.0077516928673915,0.1137972424132571,4.931215621299628,-0.0172136731915398,0,Classical (500 BCE-500 CE),Other,6,1,0,1,3,0,8,1.0857142857142856,0,Medium
162,KgKarKh,6.0,6.0,3.0,3.0,950.0,1212.0,262.0,0.7580620350324986,-0.0799067807983474,0.3663905254311934,0.5746580489576131,-0.060574296864891,0,Medieval (500-1500 CE),Other,3,0,1,3,4,2,7,1.0,1,Low
163,KgWTurk,3.0,4.0,1.0,2.0,582.0,630.0,48.0,-1.2642372097681205,-0.3721041464903951,0.4958375461855843,1.5982957225622827,0.470427907902165,1,Medieval (500-1500 CE),Other,2,0,1,0,3,1,3,1.0285714285714285,0,Low
164,KhAngkC,5.0,6.0,4.0,6.0,1100.0,1220.0,120.0,1.646377758337547,-0.1059294487392279,-0.3332732798179604,2.7105597231485663,-0.1743998883572222,1,Medieval (500-1500 CE),East Asia,6,3,2,7,2,1,18,1.0,0,High
165,KhAngkE,5.0,6.0,4.0,5.0,802.0,1100.0,298.0,1.3453900863195407,0.1048934678472569,-0.063600261157098,1.8100744843669012,0.1411226317613769,0,Medieval (500-1500 CE),East Asia,6,3,2,7,2,1,18,1.0,0,High
166,KhAngkL,5.0,6.0,4.0,6.0,1220.0,1432.0,212.0,1.646377758337547,-0.1059294487392279,-0.3332732798179604,2.7105597231485663,-0.1743998883572222,0,Medieval (500-1500 CE),East Asia,7,3,1,5,2,1,16,1.0285714285714285,0,High
167,KhCambd,8.0,6.0,6.0,6.0,1432.0,1594.0,162.0,2.9407653555973146,0.5569359782298715,-0.8821041239056302,8.6481008766814,1.6378180300641063,0,Medieval (500-1500 CE),East Asia,7,3,2,7,2,1,19,1.0,0,High
168,KhChenl,4.0,4.0,4.0,3.0,550.0,825.0,275.0,0.0517543302091406,0.7963897930444034,-0.0598027967186077,0.0026785106953967,0.0412166203244092,0,Medieval (500-1500 CE),East Asia,3,1,1,3,2,0,8,0.9428571428571428,0,Medium
169,KhFunaE,3.0,2.0,2.0,3.0,225.0,540.0,315.0,-1.1400843694703884,0.0733588160986514,-0.5070453328468936,1.299792369510693,-0.0836352395969252,0,Classical (500 BCE-500 CE),East Asia,3,0,1,4,3,0,8,1.0,0,Medium
170,KhFunaL,3.0,2.0,2.0,3.0,540.0,640.0,100.0,-1.1400843694703884,0.0733588160986514,-0.5070453328468936,1.299792369510693,-0.0836352395969252,1,Medieval (500-1500 CE),East Asia,3,1,1,4,2,0,9,1.0,0,Medium
171,MaSaadi,5.0,6.0,3.0,4.0,1554.0,1659.0,105.0,0.7943132704989632,-0.1807243500512225,0.2502257758812383,0.630933571690759,-0.143551749547986,1,Early Modern (1500+ CE),Africa,4,2,2,1,0,2,9,1.0,1,Medium
172,MlBaman,5.0,5.0,3.0,4.0,1712.0,1861.0,149.0,0.5808512827375405,-0.100801777705939,-0.0943026451158322,0.3373882126578462,-0.0585508418827191,0,Early Modern (1500+ CE),Africa,6,0,1,0,1,1,7,0.9714285714285714,0,Low
173,MlMali*,4.0,4.0,2.0,4.0,1230.0,1410.0,180.0,-0.1474362853779948,-0.4073145925120101,-0.2411697786245215,0.0217374582460615,0.0600529505002224,0,Medieval (500-1500 CE),Africa,5,0,1,0,0,0,6,1.0,0,Low
174,MlSegou,2.0,3.0,1.0,4.0,1650.0,1712.0,62.0,-1.1404602900450722,-0.6038220599844715,-0.2345286430223037,1.3006496731696902,0.6886350816655034,1,Early Modern (1500+ CE),Africa,5,0,1,1,1,0,7,1.0,0,Low
175,MlSong2,4.0,5.0,3.0,4.0,1493.0,1591.0,98.0,0.3161148461859988,0.0092035696276706,0.0592056239950748,0.0999285959791976,0.0029093849972132,1,Medieval (500-1500 CE),Africa,0,1,1,0,0,0,2,1.0571428571428572,0,Low
176,MnETurk,4.0,3.0,2.0,1.0,583.0,630.0,47.0,-1.2638612891934369,0.3050767295927279,0.2233208563609944,1.5973453583216957,-0.3855746687659825,1,Medieval (500-1500 CE),Europe,2,0,1,0,1,1,3,1.0,0,Low
177,MnKhitn,4.0,6.0,2.0,4.0,907.0,1125.0,218.0,0.2794876901448504,-0.5671597372025772,0.4478870633696197,0.0781133689425039,-0.1585141648939086,0,Medieval (500-1500 CE),Europe,6,1,1,3,1,2,11,1.0,1,Medium
178,MnMngKh,5.0,5.0,3.0,5.0,1206.0,1368.0,162.0,0.8818389547555469,-0.3116246942924238,-0.3639756637766945,0.7776399421243554,-0.2748027946908478,0,Medieval (500-1500 CE),Europe,7,3,1,4,4,3,15,1.0571428571428572,1,High
179,MnMongE,2.0,5.0,1.0,1.0,1000.0,1206.0,206.0,-1.6164993305762458,-0.131198454915584,1.2635472549544242,2.613070085753451,0.2120822145436793,0,Medieval (500-1500 CE),Europe,6,4,2,1,1,1,13,1.0,0,Medium
180,MnMongL,3.0,4.0,1.0,2.0,1368.0,1690.0,322.0,-1.2642372097681205,-0.3721041464903951,0.4958375461855843,1.5982957225622827,0.470427907902165,0,Medieval (500-1500 CE),Europe,1,0,1,0,1,0,2,1.0857142857142856,0,Low
181,MnRourn,4.0,4.0,1.0,1.0,300.0,555.0,255.0,-1.300488445234585,-0.2712865772375199,0.6120022957355393,1.6912701961886685,0.3528050590446344,0,Classical (500 BCE-500 CE),Europe,2,0,0,1,1,0,3,1.0,0,Low
182,MnTurk2,4.0,3.0,2.0,2.0,682.0,744.0,62.0,-0.9628736171754304,0.094253813006243,-0.0463521622998677,0.9271256026524975,-0.0907545098618978,1,Medieval (500-1500 CE),Europe,2,0,1,0,1,1,3,1.0,0,Low
183,MnUigur,4.0,5.0,3.0,3.0,745.0,840.0,95.0,0.0151271741679923,0.2200264862141555,0.3288786426559371,0.0002288313983087,0.0033283789785329,1,Medieval (500-1500 CE),Europe,1,0,1,1,1,0,3,1.0,0,Low
184,MnXngnE,2.0,3.0,1.0,1.0,-1400.0,-300.0,1100.0,-2.043423306099091,0.028646689774983,0.5744904129602828,4.17557880790894,-0.0585373135287909,0,Ancient (pre-500 BCE),Europe,3,0,0,2,2,0,5,1.2571428571428571,0,Low
185,MnXngnL,3.0,6.0,1.0,2.0,-60.0,100.0,160.0,-0.8373132342452752,-0.5319492911809621,1.1848943881797256,0.701093452242283,0.445408181453213,0,Classical (500 BCE-500 CE),Europe,6,2,2,2,2,2,12,1.0,1,Medium
186,MnXngnM,3.0,6.0,1.0,2.0,-209.0,-60.0,149.0,-0.8373132342452752,-0.5319492911809621,1.1848943881797256,0.701093452242283,0.445408181453213,0,Classical (500 BCE-500 CE),Europe,7,2,2,1,2,2,12,1.0,1,Medium
187,MnZungh,2.0,3.0,1.0,2.0,1670.0,1757.0,87.0,-1.742435634081085,-0.1821762268115018,0.3048173942994207,3.0360819389155527,0.3174303492787987,1,Early Modern (1500+ CE),Europe,5,2,2,0,2,2,9,1.0,1,Medium
188,MrWagdL,4.0,3.0,3.0,4.0,1078.0,1203.0,125.0,-0.1108091293368466,0.1690487143182377,-0.6298512179990665,0.01227866314439,-0.0187321408491172,1,Medieval (500-1500 CE),Africa,3,1,1,0,1,0,5,1.1142857142857143,0,Low
189,MrWagdM,4.0,3.0,2.0,4.0,700.0,1077.0,377.0,-0.3608982731394176,-0.3273920201667266,-0.5856981996215923,0.1302475635550136,0.118155214717797,0,Medieval (500-1500 CE),Africa,3,1,1,0,1,0,5,1.0857142857142856,0,Low
190,MxAlb5*,2.0,2.0,3.0,2.0,900.0,1520.0,620.0,-1.4557193342373655,0.8906278145037104,-0.1280170634525983,2.119118780072479,-1.2965041291826211,0,Medieval (500-1500 CE),New World,5,1,0,2,0,0,8,1.0,0,Medium
191,MxRosar,1.0,1.0,1.0,3.0,-700.0,-500.0,200.0,-2.133108374137466,-0.1231486513738098,-0.5004041972446758,4.550151335815383,0.262689419509209,0,Ancient (pre-500 BCE),New World,3,0,0,0,0,0,3,1.0,0,Low
192,MxSanGu,1.0,1.0,1.0,2.0,-1150.0,-700.0,450.0,-2.4340960461554726,0.0876742652126749,-0.2307311785838135,5.9248235619097045,-0.2134075823037584,0,Ancient (pre-500 BCE),New World,0,0,0,1,0,0,1,1.0,0,Low
193,MxTieLa,1.0,1.0,1.0,1.0,-1400.0,-1150.0,250.0,-2.735083718173479,0.2984971817991599,0.0389418400770486,7.480682945417662,-0.8164147818595513,0,Ancient (pre-500 BCE),New World,0,0,0,1,0,0,1,1.0,0,Low
194,NorKing,5.0,3.0,4.0,3.0,1262.0,1380.0,118.0,0.1030287789992597,0.7663070180560771,-0.5578394868265856,0.0106149293020783,0.0789516764088813,1,Medieval (500-1500 CE),Europe,7,2,1,1,2,2,11,1.0,1,Medium
195,PeCuzL2,4.0,4.0,2.0,4.0,1250.0,1400.0,150.0,-0.1474362853779948,-0.4073145925120101,-0.2411697786245215,0.0217374582460615,0.0600529505002224,0,Medieval (500-1500 CE),New World,3,0,0,4,0,0,7,1.0285714285714285,0,Low
196,PeInca*,4.0,6.0,4.0,5.0,1375.0,1532.0,157.0,1.0806536497679988,0.2148988151808666,0.0899080079538091,1.1678123107568967,0.2322311889560221,0,Medieval (500-1500 CE),New World,7,3,0,5,1,0,15,1.0,0,High
197,PgOrokE,3.0,5.0,1.0,1.0,1734.0,1883.0,149.0,-1.3517628940247042,-0.2412038022491937,1.1100389858435171,1.8272629216620435,0.3260503497781326,0,Early Modern (1500+ CE),Other,4,1,0,1,0,0,6,1.0,0,Low
198,PgOrokL,2.0,3.0,2.0,1.0,1884.0,1942.0,58.0,-1.7933341622965202,0.5250874242599474,0.5303373945828086,3.216047417659762,-0.9416572161176502,1,Early Modern (1500+ CE),Other,4,1,0,1,0,0,6,1.1428571428571428,0,Low
199,PkAcerN,1.0,1.0,1.0,1.0,-7500.0,-5500.0,2000.0,-2.735083718173479,0.2984971817991599,0.0389418400770486,7.480682945417662,-0.8164147818595513,0,Ancient (pre-500 BCE),East Asia,0,0,0,0,0,0,0,0.9714285714285714,0,Low
200,PkCeraN,1.0,1.0,1.0,1.0,-5500.0,-4000.0,1500.0,-2.735083718173479,0.2984971817991599,0.0389418400770486,7.480682945417662,-0.8164147818595513,0,Ancient (pre-500 BCE),East Asia,0,0,0,0,0,0,0,0.9714285714285714,0,Low
201,PkChalc,1.0,0.0,1.0,2.0,-4000.0,-3200.0,800.0,-2.647558033916895,0.1675968375579586,-0.5752595995808842,7.0095635429578955,-0.4437223537356381,0,Ancient (pre-500 BCE),East Asia,0,0,0,0,0,0,0,0.9714285714285714,0,Low
202,PkPostU,0.0,0.0,1.0,1.0,-1800.0,-1300.0,500.0,-3.213282142486443,0.4884251014780532,-0.1520783118091147,10.325182127222266,-1.5694476565215572,0,Ancient (pre-500 BCE),East Asia,4,0,0,0,0,0,4,1.0,0,Low
203,PkPreUr,1.0,0.0,1.0,2.0,-3200.0,-2500.0,700.0,-2.647558033916895,0.1675968375579586,-0.5752595995808842,7.0095635429578955,-0.4437223537356381,0,Ancient (pre-500 BCE),East Asia,0,0,0,0,0,0,0,0.9714285714285714,0,Low
204,PkSind1,3.0,3.0,2.0,3.0,854.0,1193.0,339.0,-0.9266223817089658,-0.006563756246632,-0.1625169118498228,0.8586290382839964,0.0060821234462113,0,Medieval (500-1500 CE),East Asia,7,4,1,1,2,3,13,0.9428571428571428,1,Medium
205,PkSind2,3.0,3.0,2.0,3.0,1335.0,1521.0,186.0,-0.9266223817089658,-0.006563756246632,-0.1625169118498228,0.8586290382839964,0.0060821234462113,0,Medieval (500-1500 CE),East Asia,6,3,1,1,2,2,11,1.0857142857142856,1,Medium
206,PkUrbn1,1.0,0.0,2.0,3.0,-2500.0,-2100.0,400.0,-2.0964812180963177,0.453214655456438,-0.8890856366192207,4.3952334978306205,-0.950156012930416,0,Ancient (pre-500 BCE),East Asia,1,0,0,0,0,0,1,1.0571428571428572,0,Low
207,PkUrbn2,1.0,0.0,2.0,3.0,-1800.0,-1300.0,500.0,-2.0964812180963177,0.453214655456438,-0.8890856366192207,4.3952334978306205,-0.950156012930416,0,Ancient (pre-500 BCE),East Asia,0,0,0,0,0,0,0,1.0571428571428572,0,Low
208,RuYakuE,2.0,2.0,1.0,1.0,1400.0,1632.0,232.0,-2.2568852938605137,0.1085692621202666,0.2299619919632121,5.093531229643857,-0.2450283710445171,0,Medieval (500-1500 CE),Other,5,4,1,2,1,1,12,1.0,0,Medium
209,RuYakuL,2.0,2.0,1.0,1.0,1632.0,1900.0,268.0,-2.2568852938605137,0.1085692621202666,0.2299619919632121,5.093531229643857,-0.2450283710445171,0,Early Modern (1500+ CE),Other,6,4,1,3,1,2,14,1.0857142857142856,1,High
210,SdKusht,5.0,4.0,6.0,4.0,-747.0,-656.0,91.0,1.1176567263838306,1.4684429980942375,-0.5712901212453255,1.2491565580310209,1.6412151941312632,1,Ancient (pre-500 BCE),Middle East,3,0,2,0,1,0,5,1.0,0,Low
211,SyCalUm,5.0,3.0,2.0,6.0,661.0,750.0,89.0,0.5058135074481368,-0.859043200673306,-1.278552506054224,0.2558473043169863,-0.4345156543820385,1,Medieval (500-1500 CE),Middle East,6,4,2,6,3,2,18,0.9428571428571428,1,High
212,ThAyuth,6.0,6.0,6.0,4.0,1593.0,1767.0,174.0,1.8093171384582176,1.1985925060700606,-0.0357415483620913,3.2736285075186338,2.168633963260146,0,Early Modern (1500+ CE),East Asia,7,2,2,1,1,2,12,1.0,1,Medium
213,ThRattn,6.0,5.0,6.0,4.0,1782.0,1873.0,91.0,1.5958551506967953,1.2785150784153445,-0.380269969359162,2.546753662005491,2.0403248731326444,1,Early Modern (1500+ CE),East Asia,3,0,1,2,0,2,6,1.0,1,Low
214,TnFatim,5.0,7.0,5.0,6.0,909.0,1171.0,262.0,2.1099288899015405,0.3105887134004528,-0.0328978771983639,4.451799920441147,0.6553200992809652,0,Medieval (500-1500 CE),Middle East,5,3,2,5,4,2,15,1.0,1,High
215,TrBrzL2,3.0,7.0,3.0,3.0,-1500.0,-1400.0,100.0,0.1773147131392959,0.1701866888571981,1.1714437537609856,0.0314405074956708,0.0301766039148407,1,Ancient (pre-500 BCE),Middle East,6,3,1,3,2,1,13,1.0285714285714285,0,Medium
216,TrBrzMD,3.0,3.0,1.0,2.0,-2000.0,-1700.0,300.0,-1.477699197529543,-0.2921815741451115,0.1513091251885136,2.1835949183794554,0.4317564776471499,0,Ancient (pre-500 BCE),Middle East,5,0,1,4,2,0,10,1.0857142857142856,0,Medium
217,TrByzM1,8.0,8.0,7.0,6.0,632.0,866.0,234.0,3.617778474922731,0.8935315680242689,-0.2372003002889631,13.08832109361424,3.232599273462156,0,Medieval (500-1500 CE),Middle East,8,5,2,7,4,3,22,1.0,1,High
218,TrByzM2,8.0,8.0,7.0,6.0,867.0,1072.0,205.0,3.617778474922731,0.8935315680242689,-0.2372003002889631,13.08832109361424,3.232599273462156,0,Medieval (500-1500 CE),Middle East,8,6,1,7,4,4,22,0.9714285714285714,1,High
219,TrByzM3,8.0,9.0,7.0,6.0,1073.0,1204.0,131.0,3.8312404626841534,0.8136089956789855,0.1073281207081075,14.678403482908283,3.117131705049146,1,Medieval (500-1500 CE),Other,9,6,2,7,4,4,24,0.9428571428571428,1,High
220,TrCappL,4.0,5.0,4.0,3.0,-322.0,-93.0,229.0,0.2652163179705633,0.7164672206991198,0.2847256242784629,0.0703396953178629,0.1900187982204235,0,Classical (500 BCE-500 CE),Middle East,4,3,1,0,1,2,8,0.7428571428571429,1,Medium
221,TrClcER,1.0,1.0,1.0,2.0,-6000.0,-5500.0,500.0,-2.4340960461554726,0.0876742652126749,-0.2307311785838135,5.9248235619097045,-0.2134075823037584,0,Ancient (pre-500 BCE),Middle East,3,0,0,0,0,0,3,1.0571428571428572,0,Low
222,TrClcLT,2.0,2.0,1.0,2.0,-5500.0,-3000.0,2500.0,-1.9558976218425077,-0.1022536544662182,-0.0397110266976499,3.825535507129176,0.1999976795951817,0,Ancient (pre-500 BCE),Middle East,4,0,0,1,1,0,5,1.0285714285714285,0,Low
223,TrERom*,8.0,9.0,7.0,6.0,395.0,631.0,236.0,3.8312404626841534,0.8136089956789855,0.1073281207081075,14.678403482908283,3.117131705049146,0,Classical (500 BCE-500 CE),Middle East,7,5,2,8,4,2,22,1.0,1,High
224,TrHatNK,4.0,6.0,4.0,3.0,-1400.0,-1180.0,220.0,0.478678305731986,0.6365446483538363,0.6292540452755335,0.2291329203784446,0.3047001137967771,0,Ancient (pre-500 BCE),Middle East,6,3,1,3,3,1,13,1.0,0,Medium
225,TrHatOK,3.0,6.0,3.0,3.0,-1650.0,-1500.0,150.0,-0.0361472746221267,0.2501092612024817,0.8269153327639148,0.0013066254626074,-0.0090407681502233,0,Ancient (pre-500 BCE),Middle East,6,3,1,3,2,1,13,1.0285714285714285,0,Medium
226,TrLydia,4.0,4.0,3.0,3.0,-670.0,-546.0,124.0,-0.1983348135934302,0.299949058559439,-0.0156497783411335,0.0393366982831407,-0.0594903406169112,1,Ancient (pre-500 BCE),Middle East,5,1,1,2,3,1,9,1.0,0,Medium
227,TrLysim,4.0,5.0,2.0,3.0,-323.0,-281.0,42.0,-0.2349619696345785,-0.2764142482708088,0.3730316610334113,0.0552071271745606,0.0649468362087706,1,Classical (500 BCE-500 CE),Middle East,7,3,1,5,3,1,16,0.8857142857142857,0,High
228,TrNHitt,4.0,4.0,2.0,3.0,-1180.0,-900.0,280.0,-0.4484239573960013,-0.1964916759255253,0.0285032400363406,0.2010840455666908,0.0881115749138966,0,Ancient (pre-500 BCE),Middle East,5,1,1,3,3,1,10,1.0285714285714285,0,Medium
229,TrNeoCR,1.0,1.0,1.0,1.0,-7000.0,-6600.0,400.0,-2.735083718173479,0.2984971817991599,0.0389418400770486,7.480682945417662,-0.8164147818595513,0,Ancient (pre-500 BCE),Middle East,0,0,0,0,0,0,0,1.0,0,Low
230,TrNeoER,1.0,1.0,1.0,1.0,-9600.0,-7000.0,2600.0,-2.735083718173479,0.2984971817991599,0.0389418400770486,7.480682945417662,-0.8164147818595513,0,Ancient (pre-500 BCE),Middle East,0,0,0,0,0,0,0,1.0,0,Low
231,TrNeoLT,1.0,1.0,1.0,1.0,-6600.0,-6000.0,600.0,-2.735083718173479,0.2984971817991599,0.0389418400770486,7.480682945417662,-0.8164147818595513,0,Ancient (pre-500 BCE),Middle East,1,0,0,0,0,0,1,1.0285714285714285,0,Low
232,TrOttm1,2.0,6.0,2.0,3.0,1299.0,1402.0,103.0,-0.5509728549762395,-0.1363261259488729,1.024576620252296,0.3035710869206682,0.0751119948219009,1,Medieval (500-1500 CE),Middle East,9,5,1,8,4,4,23,1.0857142857142856,1,High
233,TrOttm2,5.0,6.0,4.0,5.0,1402.0,1517.0,115.0,1.3453900863195407,0.1048934678472569,-0.063600261157098,1.8100744843669012,0.1411226317613769,1,Medieval (500-1500 CE),Middle East,9,5,2,6,4,4,22,1.0285714285714285,1,High
234,TrOttm3,9.0,9.0,4.0,6.0,1517.0,1683.0,166.0,3.3457094678279824,-0.7857185551095174,0.0862789067296231,11.1937718431138,-2.6287860088780346,0,Early Modern (1500+ CE),Middle East,11,4,2,6,4,6,23,1.0,1,High
235,TrOttm4,9.0,9.0,4.0,6.0,1683.0,1839.0,156.0,3.3457094678279824,-0.7857185551095174,0.0862789067296231,11.1937718431138,-2.6287860088780346,0,Early Modern (1500+ CE),Middle East,5,6,2,5,4,5,18,0.9428571428571428,1,High
236,TrPhryg,4.0,4.0,1.0,3.0,-900.0,-695.0,205.0,-0.6985131011985722,-0.6929324104104896,0.0726562584138148,0.4879205525460468,0.4840223669168329,0,Ancient (pre-500 BCE),Middle East,4,2,0,3,3,0,9,1.0,0,Medium
237,TrRomDm,8.0,6.0,5.0,7.0,285.0,394.0,109.0,2.9916638838127496,-0.1503276728415775,-1.107624124189018,8.950052793709585,-0.4497298695777662,1,Classical (500 BCE-500 CE),Middle East,5,3,1,5,3,3,14,1.0285714285714285,1,High
238,TrRum**,4.0,6.0,4.0,4.0,1077.0,1307.0,230.0,0.7796659777499924,0.4257217317673514,0.3595810266146713,0.6078790368608515,0.331920750247812,0,Medieval (500-1500 CE),Middle East,7,3,2,0,1,1,12,1.0285714285714285,0,Medium
239,USCahoE,3.0,2.0,3.0,4.0,1000.0,1150.0,150.0,-0.5890075536498112,0.358976633997131,-0.82087136988523,0.3469298982565352,-0.2114399490080938,0,Medieval (500-1500 CE),New World,1,0,0,1,0,0,2,0.9714285714285714,0,Low
240,USCahoL,3.0,2.0,3.0,4.0,1200.0,1275.0,75.0,-0.5890075536498112,0.358976633997131,-0.82087136988523,0.3469298982565352,-0.2114399490080938,1,Medieval (500-1500 CE),New World,1,0,0,1,0,0,2,0.9714285714285714,0,Low
241,USIllin,2.0,2.0,1.0,1.0,1640.0,1717.0,77.0,-2.2568852938605137,0.1085692621202666,0.2299619919632121,5.093531229643857,-0.2450283710445171,1,Early Modern (1500+ CE),New World,4,1,0,0,0,1,5,0.9714285714285714,0,Low
242,USKameh,5.0,3.0,2.0,2.0,1778.0,1819.0,41.0,-0.6981371806238886,-0.0157515343273666,-0.1998604314107748,0.4873955229694721,0.0109967317658081,1,Early Modern (1500+ CE),Other,4,0,0,1,0,2,5,0.8571428571428571,1,Low
243,USMisSd,3.0,2.0,3.0,3.0,1275.0,1400.0,125.0,-0.8899952256678175,0.5697995505836159,-0.5511983512243678,0.7920915017115094,-0.5071188796070862,1,Medieval (500-1500 CE),New World,2,0,0,1,0,0,3,0.9714285714285714,0,Low
244,USOneot,1.0,1.0,1.0,2.0,1400.0,1650.0,250.0,-2.4340960461554726,0.0876742652126749,-0.2307311785838135,5.9248235619097045,-0.2134075823037584,0,Medieval (500-1500 CE),New World,2,0,0,0,0,0,2,0.9428571428571428,0,Low
245,UsIroqE,3.0,3.0,1.0,2.0,1566.0,1713.0,147.0,-1.477699197529543,-0.2921815741451115,0.1513091251885136,2.1835949183794554,0.4317564776471499,0,Early Modern (1500+ CE),Other,4,2,0,5,0,0,11,1.2857142857142858,0,Medium
246,UsIroqL,3.0,3.0,2.0,3.0,1714.0,1848.0,134.0,-0.9266223817089658,-0.006563756246632,-0.1625169118498228,0.8586290382839964,0.0060821234462113,1,Early Modern (1500+ CE),Other,5,1,0,0,3,2,6,1.0285714285714285,1,Low
247,UzChagt,4.0,4.0,1.0,3.0,1263.0,1487.0,224.0,-0.6985131011985722,-0.6929324104104896,0.0726562584138148,0.4879205525460468,0.4840223669168329,0,Medieval (500-1500 CE),Other,3,6,1,1,2,3,11,1.0,1,Medium
248,UzJanid,5.0,5.0,2.0,5.0,1599.0,1747.0,148.0,0.6317498109529759,-0.8080654287773882,-0.3198226453992203,0.3991078236391208,-0.5104951818677503,0,Early Modern (1500+ CE),Other,0,0,1,0,2,0,1,1.0,0,Low
249,UzKok01,1.0,1.0,1.0,1.0,-1400.0,-1000.0,400.0,-2.735083718173479,0.2984971817991599,0.0389418400770486,7.480682945417662,-0.8164147818595513,0,Ancient (pre-500 BCE),Other,1,2,0,0,1,0,3,0.8285714285714286,0,Low
250,UzSamnd,6.0,6.0,3.0,4.0,819.0,999.0,180.0,1.059049707050505,-0.2907296973848322,0.0967175067703312,1.1215862820037603,-0.3078972008462885,0,Medieval (500-1500 CE),Other,2,1,1,4,4,2,8,1.0,1,Medium
251,UzSogdi,3.0,3.0,1.0,2.0,604.0,711.0,107.0,-1.477699197529543,-0.2921815741451115,0.1513091251885136,2.1835949183794554,0.4317564776471499,1,Medieval (500-1500 CE),Other,0,3,1,0,3,0,4,1.0,0,Low
252,UzTimur,6.0,6.0,1.0,6.0,1370.0,1526.0,156.0,1.160846763481376,-1.705256999527731,-0.3543224937964448,1.3475652082851857,-1.9795420688057284,0,Medieval (500-1500 CE),Other,5,6,3,2,4,3,16,1.0,1,High
253,YeHmyr1,4.0,6.0,3.0,4.0,270.0,340.0,70.0,0.5295768339474214,-0.0707190027176128,0.4037340449921455,0.2804516230537747,-0.0374511455591125,1,Classical (500 BCE-500 CE),Middle East,5,1,2,0,4,1,8,0.8,0,Medium
254,YeHmyr2,4.0,6.0,3.0,4.0,378.0,525.0,147.0,0.5295768339474214,-0.0707190027176128,0.4037340449921455,0.2804516230537747,-0.0374511455591125,0,Classical (500 BCE-500 CE),Middle East,5,1,2,0,4,1,8,0.8,0,Medium
255,YeQasmi,3.0,4.0,3.0,3.0,1637.0,1805.0,168.0,-0.4630712501449721,0.4099544058930487,0.1378584907697736,0.2144349827108273,-0.1898380992393334,0,Early Modern (1500+ CE),Middle East,1,0,0,0,2,2,1,0.9428571428571428,1,Low
