polity_id,population,territory,cap_pop,settlement_hier,admin_levels,religious_levels,military_levels
1.0,100000000.0,13100000.0,668200.0,7.0,7.0,3.0,10.0
2.0,314500000.0,11300000.0,1011541.3333333334,7.0,7.0,3.0,8.0
6.0,,,,1.0,,,
7.0,,,3000.0,1.5,,,
8.0,,,1000.0,2.0,1.0,1.0,
9.0,,,3000.0,2.0,1.0,1.0,
10.0,,,20000.0,3.0,,2.0,
11.0,,,30000.0,3.0,,2.0,
12.0,,,100000.0,3.0,,,
13.0,,,25000.0,3.0,4.0,,2.0
14.0,150000.0,20000.0,30000.0,4.0,4.0,,2.0
15.0,700000.0,,20000.0,3.0,,,
16.0,3000000.0,28070.0,150000.0,5.0,6.0,,6.0
17.0,,1700.0,,1.0,,,
18.0,11425.0,1500.0,,1.0,,,
19.0,37500.0,7000.0,,2.0,4.0,2.0,3.0
20.0,60000.0,15000.0,,2.0,5.0,2.0,3.0
21.0,63348.5,16705.0,25715.0,3.0,4.0,,
22.0,,,30.0,1.0,1.0,,
23.0,,,30.0,1.0,1.0,,
24.0,,,30.0,1.0,1.0,,
25.0,,,30.0,1.0,1.0,,
26.0,,,30.0,1.0,1.0,,
27.0,400.0,100.0,400.0,2.0,2.0,2.0,
28.0,12000.0,500.0,5000.0,3.0,3.0,3.0,2.0
29.0,,6000.0,200.0,2.0,1.0,1.0,1.0
30.0,4300.0,14000.0,2000.0,1.0,2.0,1.0,2.0
32.0,40000.0,2000.0,10000.0,4.0,3.0,3.0,2.0
33.0,40000.0,2000.0,10000.0,4.0,3.0,3.0,2.0
34.0,400.0,100.0,400.0,2.5,2.5,2.5,
35.0,,,100.0,1.0,,,
36.0,,,100.0,1.0,,,
37.0,,257034.0,2000.0,3.0,3.0,2.0,2.0
38.0,120000.0,264200.0,2000.0,3.0,3.0,2.0,2.0
39.0,,531000.0,60000.0,3.0,4.0,4.0,4.0
40.0,,916847.0,350000.0,5.0,5.0,4.0,6.0
41.0,1500000.0,939245.0,750000.0,6.0,5.0,4.0,6.0
42.0,1500000.0,1000000.0,750000.0,6.0,5.0,4.0,6.0
43.0,750000.0,280000.0,,6.0,8.0,6.0,6.0
44.0,,,155000.0,4.0,6.0,6.0,6.0
45.0,2500000.0,513120.0,50000.0,4.0,6.0,6.0,5.0
46.0,,,,1.0,,,
47.0,,,,1.0,3.0,1.0,
48.0,250000.0,100000.0,1000.0,2.0,3.5,1.0,4.0
49.0,225000.0,50000.0,,3.0,4.0,3.0,5.0
50.0,5000000.0,500000.0,100000.0,3.0,4.0,3.0,5.0
51.0,3000000.0,90000.0,,3.0,2.0,1.0,5.0
52.0,,,,1.0,,,
53.0,,,900.0,,,,
54.0,,,,,,,
55.0,,,,3.0,,,
56.0,,,1500.0,3.0,3.0,,
57.0,,,100.0,1.0,2.0,1.0,3.0
58.0,9200.0,127.0,,2.0,4.0,1.0,3.0
59.0,,,153.25,1.0,1.0,1.0,
60.0,,,2600.0,1.0,1.0,1.0,
61.0,,,17100.0,1.0,1.0,,
62.0,,,25000.0,1.0,5.0,,
63.0,50000.0,4000.0,10000.0,1.0,5.0,3.0,5.0
64.0,,,1000.0,4.0,4.0,,
65.0,,,1000.0,1.0,,,
66.0,,,6000.0,1.0,,,
67.0,,167.0,4000.0,1.0,5.0,5.0,5.0
68.0,5000.0,210.0,4000.0,1.0,5.0,5.0,5.0
69.0,5000.0,210.0,24000.0,1.0,5.0,5.0,5.0
70.0,51666666.666666664,5012500.0,966666.6666666666,7.0,8.0,4.0,9.0
71.0,40000000.0,4000000.0,800000.0,7.0,8.0,5.0,6.0
72.0,16666666.666666666,1333333.3333333333,350000.0,6.0,8.0,7.0,9.0
73.0,6833333.333333333,830000.0,110000.0,6.0,8.0,7.0,8.0
74.0,250000.0,8336.0,12000.0,3.0,5.0,4.0,3.0
75.0,8750000.0,772500.0,200000.0,6.0,8.0,7.0,8.0
76.0,7216666.666666667,665000.0,100000.0,6.0,8.0,7.0,9.0
77.0,,,,3.0,,,
78.0,,733.3333333333334,,3.0,,,
79.0,,1000.0,,3.0,,,
80.0,100000.0,20000.0,30000.0,5.0,2.0,,3.0
81.0,,500.0,,4.0,,,
82.0,,2300.0,,4.0,4.0,2.0,4.0
83.0,6000000.0,500000.0,20000.0,5.0,4.0,4.0,6.0
84.0,29000000.0,7100000.0,224000.0,7.0,6.0,10.0,13.0
85.0,,,,1.0,,,
86.0,8500.0,,2500.0,1.3333333333333333,1.3333333333333333,1.0,1.3333333333333333
87.0,15500000.0,4000000.0,160000.0,4.0,7.0,1.0,7.0
88.0,,,,2.0,3.0,,
89.0,7583333.333333333,1300000.0,84000.0,4.0,5.0,1.0,4.0
90.0,6000000.0,900000.0,,5.0,5.0,1.0,4.0
91.0,675000.0,50000.0,,4.0,5.0,1.0,4.0
92.0,550000.0,750000.0,70000.0,4.0,5.0,5.0,5.0
93.0,5000000.0,600000.0,100000.0,3.0,7.0,5.0,5.0
94.0,7250000.0,600000.0,50000.0,3.0,5.0,4.0,5.0
95.0,,100000.0,,3.0,2.0,1.0,4.0
96.0,,10000.0,,3.0,2.0,1.0,4.0
97.0,25000000.0,350000.0,125000.0,3.0,4.0,0.0,5.0
98.0,110000000.0,3200000.0,400000.0,4.0,7.0,1.0,6.0
100.0,40000.0,73218.0,1000.0,2.0,,,
101.0,5500.0,100000.0,1800.0,2.0,3.0,1.0,3.0
102.0,12000.0,100000.0,1800.0,3.0,3.0,2.0,3.0
103.0,5000.0,400.0,32500.0,6.0,,2.0,
104.0,10000.0,8000.0,40000.0,5.0,,5.0,4.0
105.0,130000.0,8000.0,15000.0,7.0,,2.0,6.0
106.0,5000000.0,1400000.0,66666.66666666667,6.0,3.0,3.0,5.0
107.0,18500000.0,3700000.0,200000.0,5.0,6.0,3.0,7.0
108.0,23000000.0,2950000.0,50000.0,6.0,5.0,4.0,5.0
109.0,7000000.0,1000000.0,130000.0,6.0,6.0,1.0,9.0
110.0,,5000.0,10000.0,3.0,,,
111.0,2000.0,,2000.0,2.0,1.0,1.0,2.0
112.0,138000.0,8000.0,7000.0,3.0,2.0,1.0,2.0
113.0,,,,3.0,4.0,2.0,5.0
114.0,3000000.0,259000.0,18000.0,4.0,6.0,4.0,6.0
115.0,28750.0,103000.0,200.0,2.0,4.0,1.5,2.5
116.0,50000.0,103000.0,200.0,3.0,5.0,4.0,3.0
117.0,,,400.0,1.0,1.0,1.0,1.0
118.0,,,400.0,1.0,1.0,1.0,1.0
119.0,,,1200.0,2.0,1.0,1.0,0.0
120.0,,,1100.0,2.0,1.0,1.0,0.0
121.0,,100000.0,100000.0,3.0,1.0,2.0,0.0
122.0,,100000.0,100000.0,3.0,1.0,2.0,0.0
123.0,,,450.0,1.0,0.0,1.0,0.0
124.0,450.0,,,1.0,1.0,,
125.0,10600000.0,1760000.0,350000.0,4.0,5.0,3.0,6.0
126.0,60000.0,105226.0,,2.0,4.0,,4.0
127.0,13250000.0,2000000.0,125000.0,4.0,4.0,2.0,4.0
128.0,5000000.0,2850000.0,175000.0,5.0,6.0,4.0,7.0
129.0,26500000.0,1875000.0,,2.0,4.0,1.0,4.0
130.0,14566666.666666666,3025000.0,450000.0,6.0,6.0,4.0,7.0
131.0,23000000.0,9000000.0,200000.0,6.0,5.0,2.0,4.0
132.0,16000000.0,4650000.0,633333.3333333334,6.0,6.0,2.0,6.0
133.0,1000000.0,140914.0,,3.0,3.0,2.0,3.0
134.0,,853333.3333333334,52708.5,2.0,5.0,1.0,3.0
135.0,,2800000.0,200000.0,6.0,9.0,5.0,8.0
136.0,1600000.0,140914.0,,3.0,3.0,2.0,3.0
137.0,,1357000.0,,3.0,5.0,1.0,4.0
138.0,,,,1.0,,,
139.0,,,,1.0,,,
140.0,400.0,,400.0,1.0,,,
141.0,,,400.0,2.0,,,
142.0,400.0,,400.0,2.0,,1.0,
143.0,400.0,,400.0,1.0,,1.0,
144.0,1500.0,,1000.0,2.0,1.0,1.0,2.0
145.0,200000.0,100000.0,,3.0,3.0,1.0,3.0
146.0,1750000.0,100000.0,,4.0,5.0,2.0,4.0
147.0,4600000.0,250000.0,175000.0,4.0,5.0,1.0,4.0
148.0,5600000.0,295000.0,100000.0,5.0,6.0,2.0,4.0
149.0,12500000.0,295000.0,150000.0,6.0,6.0,2.0,5.0
150.0,17333333.333333332,300000.0,70000.0,4.0,4.0,2.0,6.0
151.0,19500000.0,295000.0,300000.0,5.0,4.0,2.0,5.0
152.0,27500000.0,295000.0,1090120.3333333333,6.0,6.0,2.0,6.0
153.0,25.0,,25.0,1.0,1.0,1.0,2.0
154.0,,124450.0,25.0,1.0,3.0,1.0,2.0
155.0,,,,1.0,1.0,1.0,1.0
156.0,,,,1.0,1.0,1.0,1.0
157.0,2500.0,,3500.0,1.0,1.0,1.0,1.0
158.0,2500.0,,2500.0,2.0,1.0,1.0,1.0
159.0,,90.0,2500.0,2.0,2.0,1.0,2.0
160.0,,,,2.0,2.0,,2.0
161.0,50000.0,15000.0,9000.0,2.0,3.0,1.0,3.0
162.0,800000.0,100000.0,11000.0,3.0,3.0,3.0,6.0
163.0,300000.0,50000.0,12000.0,3.0,3.0,3.0,7.0
164.0,1300000.0,275000.0,15000.0,3.0,4.0,4.0,6.0
165.0,80000.0,300.0,12000.0,3.0,4.0,2.0,4.0
166.0,1000000.0,100000.0,15000.0,3.0,4.0,1.0,4.0
167.0,,4000.0,,3.0,3.0,,3.0
168.0,,250000.0,6000.0,3.0,4.0,3.0,4.0
169.0,2000000.0,420000.0,,3.0,4.0,2.0,5.0
170.0,300000.0,130000.0,,3.0,4.0,4.0,5.0
171.0,1500000.0,250000.0,30000.0,4.0,4.0,4.0,6.0
172.0,5250000.0,3800000.0,100000.0,4.0,6.0,3.0,6.0
173.0,1966666.6666666667,218000.0,20000.0,3.5,3.3333333333333335,2.0,6.0
174.0,8000000.0,1110200.0,106666.66666666667,5.0,5.0,4.0,6.0
175.0,28000000.0,4836000.0,650000.0,6.0,9.0,4.0,9.0
176.0,24000000.0,4780000.0,635000.0,6.0,9.0,4.0,9.0
177.0,20248787.0,1448423.0,873000.0,6.0,5.0,5.0,14.0
178.0,,,,1.0,1.0,1.0,1.0
179.0,,3.0,60.0,1.0,1.0,1.0,1.0
180.0,,,100.0,1.0,1.0,1.0,1.0
181.0,20000.0,1000.0,9125.0,2.0,3.0,1.0,4.0
182.0,250000.0,2533.3333333333335,36666.666666666664,3.0,3.0,4.0,6.0
183.0,3500000.0,130000.0,305000.0,5.0,3.0,4.0,6.0
184.0,25000000.0,1950000.0,400000.0,7.0,3.0,4.0,7.0
185.0,,2000000.0,500000.0,6.0,8.0,8.0,7.0
186.0,5500000.0,635000.0,100000.0,6.0,5.0,5.0,5.0
187.0,1125000.0,50000.0,65000.0,6.0,5.0,5.0,4.0
188.0,387500.0,50000.0,55000.0,5.0,6.0,5.0,5.0
189.0,300000.0,10000.0,35000.0,5.0,6.0,6.0,6.0
190.0,300000.0,44000.0,35000.0,4.0,5.0,6.0,5.0
191.0,1100000.0,44000.0,40000.0,4.0,4.0,5.0,5.0
192.0,1600000.0,44000.0,67751.75,4.0,4.0,6.0,5.0
193.0,2100000.0,44000.0,144400.0,4.0,6.0,6.0,5.0
194.0,,,100.0,1.0,2.0,1.0,2.0
195.0,,,,1.0,2.0,1.0,2.0
196.0,300.0,16.0,300.0,1.0,1.0,2.0,3.0
197.0,,,300.0,1.0,1.0,1.0,3.0
198.0,3350000.0,850000.0,30000.0,5.0,5.0,5.0,7.0
199.0,2000000.0,771000.0,250000.0,4.0,5.0,5.0,7.0
200.0,,190000.0,110000.0,3.0,5.0,3.0,4.0
203.0,1800000.0,300000.0,25000.0,4.0,5.0,3.0,6.0
205.0,2500000.0,500000.0,50000.0,4.0,5.0,2.0,5.0
206.0,750000.0,500000.0,50000.0,3.0,4.0,,
207.0,3500000.0,488250.0,400000.0,6.0,6.0,1.0,7.0
208.0,500000.0,300000.0,4500.0,4.0,4.0,2.0,5.0
209.0,300000.0,100000.0,,3.0,4.0,,
210.0,500000.0,600000.0,50000.0,4.0,4.0,3.0,5.0
212.0,100000.0,20000.0,,3.0,3.0,,
213.0,300000.0,175000.0,45000.0,4.0,4.0,3.0,5.0
215.0,150000.0,40000.0,,3.0,4.0,3.0,
216.0,1000000.0,350000.0,15000.0,4.0,4.0,2.0,3.0
217.0,,350000.0,,3.0,4.0,,4.0
218.0,,160000.0,,6.0,,,
219.0,150000.0,40000.0,,3.0,4.0,3.0,
221.0,8250000.0,1015500.0,120000.0,6.0,5.5,5.0,7.0
222.0,1750000.0,500000.0,,3.0,5.0,2.0,
223.0,6000000.0,4000000.0,75000.0,,4.0,2.0,4.0
224.0,1000000.0,350000.0,15000.0,4.0,4.0,3.0,3.0
226.0,,100000.0,,,3.0,,4.0
227.0,,40000.0,,,3.0,3.0,
229.0,4000000.0,1700000.0,12000.0,4.0,4.0,2.0,4.0
230.0,200000.0,200000.0,40000.0,4.0,4.0,2.0,4.0
232.0,5000000.0,2100000.0,200000.0,6.0,7.0,3.0,9.0
235.0,,,,4.0,4.0,2.0,4.0
236.0,3500000.0,2100000.0,150000.0,6.0,7.0,3.0,9.0
237.0,,250000.0,15000.0,,4.0,0.0,
239.0,3200000.0,2100000.0,150000.0,6.0,7.0,3.0,7.0
240.0,600000.0,50000.0,,2.0,5.0,,
241.0,1775000.0,100000.0,,4.0,5.0,,4.0
242.0,4000000.0,600000.0,65000.0,4.0,4.0,3.0,5.0
243.0,5000000.0,1000000.0,4000.0,3.0,4.0,3.0,4.0
244.0,11250000.0,850000.0,112500.0,5.0,4.0,2.0,5.0
245.0,,160000.0,,4.0,4.0,,5.0
246.0,,206666.66666666666,,4.0,5.0,1.0,5.0
247.0,,150000.0,,,,,
248.0,,80000.0,,,3.0,,
249.0,,460000.0,,4.0,7.0,,5.0
250.0,40000000.0,1372000.0,250000.0,5.0,7.0,,6.0
251.0,51300000.0,3972333.3333333335,250000.0,6.0,7.0,3.0,7.0
253.0,45169692.0,4351666.666666667,260000.0,6.0,7.0,1.0,7.0
254.0,16163863.0,4500000.0,600000.0,6.0,9.0,1.0,6.0
256.0,,,,4.0,5.0,,
257.0,,400000.0,,4.0,5.0,,6.0
258.0,32000000.0,1136500.0,600000.0,5.0,6.0,2.0,5.0
259.0,,2500500.0,,,4.0,,
260.0,46000000.0,3000000.0,500000.0,3.0,5.0,3.0,6.0
261.0,43240000.0,5010000.0,1000000.0,6.0,7.0,3.0,8.0
263.0,5800000.0,,100000.0,4.0,5.0,,
264.0,50000000.0,3156666.6666666665,1000000.0,3.0,7.0,3.0,5.0
266.0,45000000.0,3600000.0,,,5.0,3.0,
267.0,,25221806.0,,5.0,5.0,3.0,5.0
268.0,60491000.0,24000000.0,800000.0,7.0,8.0,3.0,6.0
269.0,67151500.0,3818333.3333333335,509333.3333333333,7.0,5.0,3.0,7.0
271.0,,500000.0,6600.0,3.0,4.0,,
272.0,1500000.0,4000000.0,3000.0,2.0,3.0,1.0,6.0
273.0,600000.0,350000.0,,4.0,4.0,,
274.0,1000000.0,3000000.0,3000.0,2.0,3.0,1.0,6.0
276.0,,200000.0,,2.0,3.0,,
277.0,,,,,,,
278.0,500000.0,4000000.0,,1.0,4.0,1.5,4.0
279.0,200000.0,,,,,,
280.0,,,500.0,2.0,2.0,,
281.0,1000000.0,550000.0,,4.0,3.0,1.0,4.0
282.0,1500000.0,2800000.0,,2.0,3.0,1.0,4.0
283.0,400000.0,4500000.0,,1.0,4.0,2.0,3.0
284.0,,1975000.0,,3.0,4.0,,
286.0,400000.0,2000000.0,,3.0,4.0,3.0,5.0
287.0,6000000.0,1550000.0,130000.0,4.0,6.0,3.0,6.0
288.0,3800000.0,1750000.0,,4.0,4.0,2.0,6.0
289.0,2250000.0,1650000.0,200000.0,3.0,6.0,3.0,6.0
290.0,,,,4.0,5.0,,
291.0,,600000.0,,,4.0,,
293.0,,,,,,,
295.0,5000000.0,2950000.0,,5.0,6.0,,10.0
296.0,1500000.0,3500000.0,,3.0,4.0,1.0,4.0
297.0,,433909.0,,,6.0,7.0,3.0
298.0,,,20000.0,3.0,3.0,,
299.0,,,,3.0,4.0,,
301.0,,,,,,,
302.0,3210000.0,209331.0,130000.0,5.0,6.0,4.0,11.0
304.0,1250000.0,200000.0,20000.0,4.0,4.0,5.0,4.0
305.0,4000000.0,214500.0,,4.0,4.0,4.0,3.0
306.0,800000.0,230000.0,20000.0,4.0,4.0,5.0,4.0
307.0,,170000.0,,4.0,,5.0,
308.0,,375000.0,,1.5,4.0,2.0,
309.0,17500000.0,1100000.0,20000.0,3.0,4.0,6.0,4.0
311.0,5333333.333333333,891666.6666666666,10000.0,3.0,4.0,6.0,4.0
312.0,,305000.0,,3.0,4.0,3.0,
313.0,400000.0,,15000.0,2.0,,3.0,4.0
314.0,,,,2.0,5.0,3.0,
321.0,,100000.0,,,4.0,,
326.0,500000.0,67002.0,300000.0,5.0,5.0,,4.0
329.0,4500000.0,380000.0,,,,,
333.0,10000000.0,373333.3333333333,216666.66666666666,5.0,5.0,6.0,5.0
337.0,7630000.0,2602500.0,30000.0,3.0,,4.0,2.0
342.0,,200000.0,,4.0,3.0,3.0,
345.0,,2500000.0,,4.0,4.0,,
346.0,,750000.0,,5.0,6.0,4.0,
349.0,5500000.0,66750.0,,5.0,5.0,,
350.0,1500000.0,1400000.0,25000.0,3.0,4.5,1.0,5.0
351.0,,,100000.0,6.0,3.0,3.0,3.0
353.0,300000.0,250000.0,10000.0,4.0,4.0,3.0,6.0
354.0,300000.0,250000.0,10000.0,4.0,4.0,3.0,6.0
355.0,,,,,,,
359.0,,100000.0,,3.0,3.0,,
360.0,,,,4.0,4.0,1.0,6.0
361.0,6500000.0,800000.0,150000.0,6.0,5.0,2.0,6.0
362.0,4500000.0,900000.0,312500.0,4.0,5.0,3.0,8.0
363.0,,,,,,,
364.0,12100000.0,4000000.0,500000.0,4.0,5.0,3.0,6.0
365.0,,250000.0,,3.0,4.0,3.0,
367.0,9000000.0,1500000.0,200000.0,5.0,5.0,4.0,7.0
368.0,,,50000.0,4.0,5.0,3.0,
369.0,,466000.0,,4.0,3.0,,3.0
370.0,49000000.0,5500000.0,150000.0,6.0,6.0,1.0,6.0
372.0,,,,4.0,5.0,3.0,
374.0,9000000.0,2700000.0,200000.0,4.0,6.0,5.0,6.0
375.0,,,,,3.0,,
379.0,2600000.0,300000.0,,4.0,4.0,,
380.0,,,,3.0,3.0,2.0,6.0
383.0,500000.0,200000.0,100000.0,3.0,4.0,,5.0
384.0,,,12000.0,4.0,4.0,2.0,4.0
385.0,18000000.0,4000000.0,50000.0,4.0,,,
388.0,,800000.0,150000.0,4.0,9.0,5.0,5.0
389.0,,,,,6.0,2.0,4.0
391.0,,100000.0,,,,0.0,
393.0,,200000.0,,,4.0,,4.0
395.0,,,,,7.0,,3.0
399.0,,,500000.0,,9.0,0.0,4.0
400.0,,100000.0,,,5.0,2.0,4.0
401.0,,230000.0,,,4.0,2.0,3.0
402.0,,150000.0,,,3.0,,7.0
405.0,,300000.0,80000.0,,3.0,,
406.0,,654834.0,125000.0,4.0,5.0,5.0,
407.0,,100000.0,83000.0,,4.0,0.0,5.0
408.0,,,,3.0,7.0,5.0,
409.0,,144000.0,150000.0,,4.0,1.0,8.0
412.0,,707000.0,,5.0,,1.0,
414.0,,,,0.0,,,
415.0,,,,1.0,,,
417.0,,,120000.0,,5.0,,5.0
418.0,,1000000.0,76000.0,,,,
419.0,10000.0,,200.0,2.0,1.0,,
420.0,,1500.0,9500.0,3.0,3.0,,
421.0,54000.0,10000.0,10750.0,4.0,3.0,1.0,3.0
422.0,2000000.0,350000.0,46500.0,3.0,3.0,2.0,3.0
423.0,,,,4.0,5.0,,4.0
424.0,,90000.0,,4.0,5.0,,4.0
425.0,60000000.0,2700000.0,750000.0,7.0,7.0,2.0,8.0
426.0,,,,,5.0,,
427.0,200.0,5.0,100.0,1.0,1.0,,
428.0,2000.0,800.0,500.0,2.0,1.0,,
429.0,,100000.0,,,1.0,,
430.0,10000.0,1100.0,7000.0,3.0,1.0,,
431.0,25000.0,1100.0,20000.0,,1.0,,
432.0,2000000.0,456666.6666666667,125000.0,4.0,5.0,3.0,6.0
433.0,1500000.0,200000.0,,4.0,2.0,1.0,3.0
434.0,3000000.0,350000.0,30000.0,4.0,5.0,3.0,5.0
435.0,,,400.0,1.0,1.0,,
436.0,4143.5,150.0,1083.3333333333333,2.0,2.0,1.0,2.5
437.0,37500.0,525000.0,,1.0,2.0,1.0,3.0
438.0,1000000.0,2300000.0,,,3.0,1.0,5.0
439.0,,,,,1.0,,
440.0,400000.0,3000000.0,,2.0,4.0,2.0,3.0
442.0,80000.0,70000.0,500.0,1.0,2.0,1.0,5.0
443.0,30000.0,2500000.0,,2.0,3.0,2.0,4.0
444.0,600000.0,170000.0,,2.0,2.0,1.0,3.0
445.0,,,600.0,1.0,3.0,1.0,5.0
446.0,9000.0,22800.0,600.0,1.0,2.0,2.0,3.0
447.0,800.0,,800.0,1.0,1.0,,
448.0,1000.0,,1000.0,1.0,1.0,,
449.0,100.0,750.0,100.0,1.0,1.0,1.0,1.0
450.0,,1500.0,375.0,2.0,2.0,1.0,2.0
451.0,3000.0,2500.0,3000.0,2.0,3.0,1.0,2.0
452.0,,7000.0,5000.0,2.0,3.0,1.0,2.0
453.0,,1250.0,2525.0,2.0,3.0,,3.0
454.0,70000.0,1250.0,775.0,2.0,3.0,,4.0
455.0,70000.0,15000.0,8000.0,2.0,3.0,2.0,4.0
456.0,800000.0,250000.0,20000.0,4.0,4.0,5.0,4.0
457.0,500000.0,12000.0,25000.0,4.0,4.0,6.0,5.0
458.0,9500000.0,208750.0,100000.0,5.0,5.0,6.0,5.0
459.0,16000000.0,400000.0,250000.0,6.0,5.0,7.0,10.0
460.0,19750000.0,1765500.0,332500.0,6.0,6.0,7.0,10.0
461.0,24750000.0,2000000.0,513666.6666666667,6.0,6.0,6.0,12.0
462.0,,,1750.0,2.0,,,
463.0,,1500.0,50.0,1.0,,,
464.0,,,,1.0,1.0,1.0,1.0
465.0,50000.0,,10000.0,3.0,,,
466.0,,,10000.0,1.0,2.0,1.0,
467.0,100000.0,10000.0,,2.0,3.0,1.0,3.0
468.0,15000.0,10000.0,11000.0,2.0,3.0,1.0,3.0
469.0,550000.0,150000.0,,5.0,5.0,2.0,5.0
470.0,150000.0,10100.0,5000.0,2.0,2.0,1.0,
471.0,,,,1.0,2.0,1.0,2.0
472.0,,,,1.0,,,
473.0,,,750.0,2.0,2.0,,
474.0,20650.0,1800.0,23500.0,4.0,,,
475.0,20200.0,1200.0,,4.0,,,
476.0,,450000.0,20000.0,4.0,5.0,4.0,5.0
477.0,175000.0,,200000.0,4.0,4.0,4.0,6.0
478.0,,,175000.0,4.0,4.0,4.0,6.0
479.0,,400000.0,,4.0,6.0,,
480.0,,,,4.0,3.0,3.0,
481.0,,,,3.0,4.0,3.0,
482.0,,,,3.0,4.0,3.0,
483.0,4875000.0,1850000.0,210000.0,4.0,5.0,3.0,6.0
484.0,3900000.0,750000.0,1000000.0,4.0,5.0,2.0,5.0
485.0,,,250.0,1.0,1.0,0.0,1.0
486.0,,,250.0,1.0,1.0,0.0,1.0
487.0,,,175.0,1.0,1.0,1.0,1.0
488.0,,,175.0,1.0,1.0,1.0,1.0
489.0,,,175.0,1.0,1.0,1.0,1.0
490.0,,,750.0,2.0,1.0,1.0,1.0
491.0,,,750.0,2.0,1.0,,1.0
492.0,4400.0,1.0,350.0,2.0,1.0,1.0,1.0
493.0,10960.0,,750.0,3.5,3.5714285714285716,2.0,2.0
494.0,,,2500.0,2.0,4.0,2.0,2.0
495.0,,200000.0,2300.0,2.0,4.0,2.0,3.0
496.0,,,6500.0,3.0,4.0,2.0,3.0
497.0,,,6500.0,3.0,4.0,2.0,3.0
498.0,,,5375.0,3.0,4.0,2.0,3.0
499.0,,230000.0,1500.0,4.0,4.0,2.0,3.0
500.0,,290000.0,3875.0,4.0,4.0,2.0,3.0
501.0,,250000.0,,4.0,4.0,2.0,3.0
502.0,,,,,,,
503.0,,,,3.0,3.0,,3.0
504.0,,300000.0,,4.0,3.0,,4.0
505.0,,,,,,,
506.0,10500000.0,3203333.3333333335,20000.0,5.0,4.0,2.0,5.0
507.0,,,10000.0,4.0,4.0,,
508.0,,1800000.0,,3.0,4.0,1.0,6.0
509.0,6000000.0,1800000.0,115000.0,5.0,4.0,,4.0
510.0,,,25.0,1.0,1.0,1.0,1.0
511.0,13000.0,2502.5,4683.333333333333,1.5,1.0,1.0,1.0
512.0,31500.0,5000.0,5000.0,2.0,2.0,,2.0
513.0,50000.0,5000.0,5000.0,2.0,2.0,2.0,2.0
514.0,900000.0,50000.0,6000.0,4.0,4.0,3.0,3.0
515.0,1100000.0,222333.33333333334,6000.0,4.0,4.0,3.0,3.0
516.0,1000000.0,75000.0,40000.0,4.0,7.0,6.0,3.0
517.0,1500000.0,75000.0,30000.0,4.0,7.0,6.0,3.0
518.0,,20000.0,30000.0,4.0,4.0,2.0,3.0
519.0,1500000.0,367000.0,30000.0,4.0,5.0,4.0,3.0
520.0,,10000.0,50000.0,4.0,5.0,3.0,6.0
521.0,2500000.0,600000.0,65000.0,4.0,5.0,6.0,4.0
522.0,,,71.0,1.0,1.0,1.0,1.0
523.0,,,791.0,2.0,1.0,1.0,1.0
524.0,1000.0,50.0,1000.0,3.0,1.0,1.0,1.0
525.0,10000.0,1300.0,3640.0,2.0,,1.0,1.0
526.0,50000.0,5000.0,17200.0,4.0,,1.0,1.0
527.0,40000.0,20000.0,14500.0,4.0,,,2.0
528.0,70000.0,3000.0,15000.0,4.0,3.0,,1.0
529.0,7245.0,,15000.0,2.5,,,1.0
530.0,8127.0,,4236.0,2.0,2.0,,
531.0,8127.0,,4236.0,2.0,2.0,3.0,2.0
532.0,8127.0,,4236.0,2.0,2.0,3.0,2.0
533.0,,,,2.0,2.0,,
534.0,,,,4.0,5.0,,
535.0,2000000.0,,500.0,4.0,5.0,,
536.0,,,,1.0,,,
537.0,,,,2.0,,,
538.0,,,30000.0,3.0,,,
539.0,,,30000.0,3.0,,,
540.0,,,,2.0,,,
541.0,,,,3.0,3.0,3.0,4.0
542.0,,,,3.0,2.0,3.0,3.0
543.0,,,1000.0,1.0,,,
544.0,2000000.0,,170000.0,5.0,5.0,5.0,15.0
545.0,2000000.0,,170000.0,5.0,5.0,5.0,11.0
546.0,,,,,,,
547.0,5370000.0,,,,,,
548.0,3500000.0,,50000.0,,,,
560.0,,275000.0,20000.0,4.0,,,
561.0,80000.0,91402.0,,2.0,3.0,1.0,2.0
563.0,16079518.333333334,1784852.0,262500.0,7.0,11.0,,12.0
565.0,4625000.0,225390.0,34000.0,5.0,3.0,5.0,
566.0,33966666.666666664,775750.0,1125000.0,6.0,7.0,6.0,
567.0,35347500.0,673397.0,841451.75,5.0,8.0,6.0,17.0
568.0,1085000.0,125000.0,35000.0,5.0,6.0,6.0,
569.0,11373250.0,23309000.0,280333.3333333333,6.0,6.0,7.0,2.0
570.0,10318000.0,13700000.0,100000.0,5.0,6.0,9.0,4.0
571.0,78413340.33333333,19000000.0,622750.0,8.0,16.0,6.0,16.0
573.0,400000.0,6000000.0,75000.0,6.0,4.0,1.0,6.0
574.0,3000000.0,,5000.0,6.0,3.0,5.0,3.0
575.0,83445418.14285715,8760490.5,5156792.142857143,,11.0,,12.0
576.0,82189.0,,598.0,3.0,1.0,,
578.0,,,,,6.0,2.0,4.0
579.0,4250000.0,130279.0,70000.0,4.0,6.0,7.0,11.0
586.0,1100000.0,135000.0,17850.0,6.0,5.0,6.0,5.0
587.0,58042477.666666664,8000000.0,858946.0,6.0,8.0,7.0,10.0
590.0,,,7000.0,,,,
591.0,60000.0,65.0,60000.0,,,,
600.0,11000000.0,10750000.0,200000.0,,,,
601.0,206043289.2,19574925.0,4273012.666666667,,,,22.0
606.0,1500000.0,130279.0,12000.0,5.0,5.0,5.0,3.0
607.0,1000.0,,6000.0,2.0,2.0,,
608.0,,,,,,,
609.0,1000.0,550.0,1000.0,,,,
610.0,,,,5.0,5.0,,
611.0,,,,,3.0,,
612.0,10.0,0.0,10.0,1.0,0.0,0.0,0.0
613.0,,,,1.0,0.0,0.0,0.0
614.0,,,,,,,
615.0,10.0,0.0,10.0,1.0,0.0,0.0,0.0
617.0,,,,2.0,0.0,1.0,
618.0,,,,2.0,0.0,1.0,
619.0,,,,,1.0,1.0,
620.0,,,,,6.0,,5.0
622.0,,,,1.0,1.0,,
623.0,6000.0,10000.0,1000.0,3.0,,,
624.0,,50000.0,1000.0,3.0,5.0,5.0,
625.0,,,,,4.0,,
626.0,,180000.0,4000.0,,4.0,,
627.0,,,,4.0,5.0,,
629.0,,,,5.0,5.0,,
630.0,,,,5.0,,,
631.0,,,,4.0,5.0,,
632.0,,,200000.0,7.0,7.0,,15.0
633.0,,,,3.0,4.0,,
635.0,,,,4.0,4.0,,
636.0,100000.0,12900.0,,5.0,12.0,,5.0
637.0,,,,,4.0,,5.0
640.0,,,3000.0,,5.0,,
641.0,15000.0,,,,7.0,,5.0
642.0,,,6000.0,4.0,,,
645.0,,,,,4.0,,
646.0,,,,3.0,,,
648.0,,,,,5.0,,
649.0,,,,3.0,7.0,,
650.0,,,,3.0,10.0,,
651.0,,,,,7.0,,5.0
652.0,,,10000.0,4.0,6.0,,
655.0,,,,1.0,,,
656.0,,,70000.0,,,,
657.0,,,,2.0,2.0,2.0,
658.0,,,,2.0,,,
659.0,200000.0,4800.0,30000.0,3.0,4.0,3.0,
660.0,,,,2.0,2.0,,
661.0,,46000.0,50000.0,4.0,8.0,6.0,6.0
662.0,,1000.0,,3.0,6.5,3.0,2.0
663.0,,,,,,,
664.0,,,,1.0,,1.0,
665.0,,,,2.0,5.0,3.0,1.0
666.0,10000000.0,648000.0,100000.0,5.0,6.0,4.0,4.0
667.0,,13000.0,,2.0,12.0,3.0,3.0
668.0,,,,4.0,4.0,3.0,0.0
669.0,,230000.0,,4.0,8.0,,
670.0,,777000.0,,5.0,6.0,3.0,4.0
671.0,168000.0,4600.0,30000.0,4.0,4.5,3.0,6.0
672.0,,18000.0,30666.666666666668,3.0,8.0,5.0,8.5
673.0,80000.0,,,3.0,10.0,3.0,2.0
674.0,,,,3.0,5.0,,
675.0,,,,3.0,5.0,,4.0
676.0,,,,3.0,,,
677.0,,,,3.0,6.0,,
678.0,,,,3.0,5.0,,
682.0,,,,3.0,,,
683.0,,,20000.0,3.0,7.0,,4.0
684.0,,,,2.0,5.0,,
685.0,,,,,,,4.0
686.0,,,,,4.0,,
687.0,,,2000.0,3.0,3.0,3.0,3.0
688.0,,,,1.0,2.0,,
689.0,,,,2.0,5.0,,
690.0,,,2000.0,2.0,5.0,,
691.0,,,,2.0,5.0,,
692.0,,,,2.0,5.0,,
693.0,,,,2.0,3.0,,
694.0,,,,2.0,5.0,,
695.0,,,,2.0,2.0,,2.0
696.0,,,,2.0,5.0,,
697.0,,,,3.0,,,4.0
698.0,,,,3.0,7.0,,3.0
699.0,,,,3.0,5.0,,
700.0,,,,3.0,4.0,,4.0
701.0,,,,3.0,5.0,,3.0
702.0,,,,4.0,6.0,,
703.0,,,,3.0,,,
704.0,,,,3.0,5.0,,
705.0,,,,3.0,3.0,,3.0
708.0,,,60000.0,,7.0,4.0,
709.0,5100000.0,,135000.0,5.0,14.0,4.0,9.5
710.0,,,,4.0,2.0,,
711.0,,,,,3.0,2.0,
715.0,,,,1.0,1.0,,
716.0,,,,2.0,2.0,,
717.0,,,,,,,
769.0,7335.0,,598.0,,,,
771.0,,,,,,,
773.0,,,,,,,
774.0,,,,4.0,,,
775.0,,,,3.0,3.0,,
776.0,,,,3.0,3.0,,
778.0,97300000.0,1294994.0,296549.5,,,,
779.0,,,,,,,
780.0,,,,,,,
781.0,,,500000.0,,,,
782.0,,,,,,,
783.0,,,,,,,
785.0,,848116.0,,3.0,,,
786.0,423128142.0,25445009.5,3875000.0,6.0,7.0,7.0,18.0
791.0,,,,,,,
793.0,,,,,,,
795.0,,,,,,,
797.0,21500000.0,1000000.0,100000.0,5.0,,6.0,
798.0,3800000.0,450000.0,23000.0,6.0,5.0,5.0,5.0
